319274	319338
324754	325008
326021	326081
329801	329931
330193	330312
330661	330774
331322	331435
332195	332308
332707	332753
333249	333422
333914	334064
334589	334753
335260	335373
335994	336107
336213	336326
336451	336567
337079	337106
337207	337292
338094	338207
338432	338541
338621	338857
339194	339325
339774	339924
340236	342219
420427	420533
421123	421313
422913	424335
424824	424999
425726	425836
426286	428277
711841	711852
712723	712944
714940	715299
716732	716942
718219	718342
718604	718811
719239	719364
720021	720131
720757	721403
721614	721821
746180	746334
748010	748136
753916	754033
769655	769754
770398	770468
772225	772703
1344492	1344544
1350498	1350613
1354334	1354379
1355312	1355440
1356105	1356150
1356912	1357013
1358624	1358687
1359120	1359347
1364931	1364992
1366753	1366889
1372959	1373110
1380400	1380655
1383470	1383645
1384124	1384215
1386756	1386914
1387182	1387251
1387628	1387698
1951870	1951981
1954631	1954804
1956255	1956488
1957924	1958070
1958607	1958820
1959258	1959360
1961472	1961603
1961741	1961790
1963850	1963974
1965281	1965387
1965942	1966163
1966828	1966952
1968643	1968784
1969882	1970792
1977320	1977998
1979140	1979344
1980431	1980568
1981670	1983227
1992335	1992387
1992628	1992717
1993307	1993415
1993932	1994074
1994363	1994484
1994573	1994705
1995054	1995193
1995387	1995483
1995792	1995902
1996168	1996298
1996391	1996625
1997129	1997242
1998963	1999100
2000398	2000645
2001085	2002263
2002708	2002875
2004828	2004927
2005365	2005516
2006108	2006810
2064885	2064996
2066749	2066867
2070481	2070582
2074404	2074476
2081692	2081753
2081831	2081875
2081962	2082117
2082755	2082874
2082980	2083108
2083701	2083859
2086119	2086316
2086943	2087081
2088344	2088525
2089331	2089487
2089600	2089763
2090304	2090438
2091297	2091480
2092605	2092711
2093055	2093249
2093688	2093856
2094638	2094772
2094872	2095031
2095110	2095206
2095931	2096067
2096119	2096181
2096473	2096518
2107111	2107129
2114006	2114362
2117712	2117750
2122413	2122500
2125733	2126153
2131874	2131924
2149111	2149172
2156086	2156167
2158288	2158413
2158795	2158924
2159481	2159516
2159874	2160004
2162609	2162657
2164334	2164449
2164533	2164660
2165884	2165973
2167600	2167721
2168254	2168408
2169275	2169388
2170062	2170161
2170335	2170494
2170972	2171098
2171195	2171342
2172940	2173040
2173786	2173995
2175513	2175635
2175752	2175835
2177674	2177874
2185366	2185518
2186688	2186816
2187303	2187358
2188790	2188835
2190060	2190221
2195348	2195491
2196463	2196528
2199586	2199642
2199729	2199806
2200462	2200556
2203112	2203190
2204059	2204112
2204208	2204303
2208910	2208995
2210059	2210094
2210207	2210350
2212208	2212256
2212347	2212451
2212569	2212613
2213565	2213669
2215555	2215692
2216677	2217261
2218677	2218834
2219662	2219731
2221943	2222069
2222417	2222524
2223656	2223780
2226099	2226222
2226872	2226951
2227510	2227650
2227776	2227922
2228284	2228443
2232283	2232323
2320788	2320924
2321911	2322207
2323509	2323595
2327667	2327701
2328153	2328264
2329789	2329850
2332289	2332334
2334405	2334469
2334892	2334977
2337312	2337437
2338227	2338283
2339174	2339250
2339329	2339384
2339509	2339626
2340657	2340850
2342193	2342300
2342526	2342818
2343073	2343287
2535257	2535293
2535486	2536729
2538155	2538196
3385266	3385275
3385318	3385463
3388530	3388586
3390192	3390289
3393794	3393890
3396532	3396600
3401979	3402129
3403698	3403781
3403883	3403928
3404016	3404097
3404852	3404968
3968150	3968230
3971169	3971217
3971396	3971656
3982738	3983012
3993088	3993172
4000232	4000354
4003742	4003861
4006426	4006545
4008005	4008124
4009562	4009685
4009801	4009996
4012020	4013228
4032268	4032307
4033679	4033739
4034050	4034124
4034583	4034688
4035048	4035097
4035558	4035621
4035706	4035753
4036486	4036599
4036795	4036981
4037152	4037203
4037895	4037952
4038093	4038189
4038279	4038381
4039178	4039248
4039842	4039878
4040632	4040698
4040819	4040908
4041204	4041257
4041361	4041467
4042408	4042479
4042576	4042639
4043184	4043267
4043745	4043828
4044434	4044540
4044623	4044678
4045479	4045557
4045928	4045975
4046304	4046462
4047129	4048414
4055991	4056005
4059065	4059163
4059628	4060248
4063189	4063266
4063418	4063534
4064135	4064251
4064592	4064723
4065169	4065271
4065890	4065931
4066183	4066304
4068265	4068404
4068865	4069049
4069486	4069700
4070366	4070461
4117679	4117798
4121617	4121686
4122205	4122426
4125204	4125262
4125856	4125939
4126490	4126630
4127793	4127962
4131614	4131695
4133075	4133233
4136415	4136561
4137040	4137184
4137771	4137955
4139322	4139459
4142369	4143439
4143936	4144063
4146874	4147015
4147612	4147788
4148288	4148449
4151494	4151824
4152797	4152878
4153387	4153573
4153936	4154081
4154753	4154845
4155044	4155258
4159970	4160053
4161107	4161310
4161599	4161670
4164102	4164355
4165570	4167440
4176952	4177145
4178533	4178764
4179244	4179349
4180243	4180354
4180575	4180735
4181173	4181349
4181752	4181891
4182264	4182388
4183141	4183345
4183905	4184157
4184835	4184975
4185746	4185910
4186043	4186183
4186559	4186938
4225410	4225635
4227632	4227770
4231152	4231316
4233980	4234385
4253534	4255958
4257297	4257373
4262014	4262224
4265367	4265463
4265520	4265689
4268887	4269094
4270857	4270995
4275972	4276041
4276682	4276728
4277603	4277661
4278065	4279931
4588425	4588462
4594045	4594185
4594676	4594792
4599099	4599143
4599799	4599948
4600589	4600652
4602849	4602923
4603042	4603164
4603575	4603667
4604974	4605239
4606707	4606893
4607559	4607648
4610043	4610141
4610487	4610556
4610966	4611033
4612236	4612403
4613578	4613735
4614345	4614440
4615027	4615082
4615620	4615676
4615865	4615920
4616003	4616101
4616187	4616249
4616404	4616499
4616856	4616987
4617519	4617728
4617857	4617993
4618220	4618273
4618781	4618910
4619539	4619620
4619921	4620074
4620601	4620670
4621092	4621217
4621555	4621707
4622110	4622214
4622687	4622778
4623158	4623289
4623892	4624100
4624227	4624312
4625043	4625171
4625735	4625857
4628858	4629020
4629796	4629929
4630746	4630856
4631496	4631567
4631669	4631713
4631787	4631884
4631925	4632050
4632079	4632131
4632629	4632678
4632696	4632935
4659479	4659488
4661903	4662165
4666886	4667096
4667411	4667572
4668334	4668446
4668812	4668947
4669142	4669319
4670622	4670819
4671618	4671869
4672598	4672731
4673300	4673820
4691978	4692092
4693181	4693309
4693508	4693624
4694366	4694484
4694600	4694701
4695326	4695452
4696329	4696530
4697261	4697405
4698493	4698678
4698930	4698994
4699263	4699350
4699557	4699626
4700166	4700377
4701268	4701381
4701749	4701867
4702439	4702581
4703231	4703301
4703497	4703556
4703667	4703811
4704049	4704245
4704751	4704791
4705050	4705144
4705452	4705498
4705600	4705790
4705991	4706139
4706897	4707234
4707886	4707938
4708442	4708582
4709348	4709443
4709765	4709855
4710230	4710305
4710819	4710999
4711488	4711566
4711963	4712186
4712561	4712679
4714004	4714165
4714290	4714384
4714532	4714709
4714878	4714984
4715163	4715465
4724865	4724994
4727274	4730406
4778684	4778729
4779042	4779370
4779392	4779572
4779661	4780301
4781539	4781578
4781630	4781745
4783884	4784067
4784943	4785127
4787086	4787406
4787472	4787729
4795129	4795777
4796102	4796227
4796311	4796448
4796834	4796971
4797963	4798084
4806873	4807055
4807342	4807467
4808003	4808258
4808459	4808598
4808687	4808803
4809725	4809838
4810357	4810464
4810945	4811198
4811657	4812159
4812517	4812756
4813623	4816039
4827296	4827436
4827726	4827842
4828583	4828629
4828707	4828769
4829772	4829831
4830388	4830492
4830733	4830801
4831017	4831067
4832105	4833722
5202687	5202795
5203258	5203307
5204372	5204489
5209311	5209393
5210346	5210403
5211647	5211690
5212168	5212317
5213777	5213887
5215093	5215231
5215660	5215859
5218804	5218969
5219831	5219958
5220539	5220687
5220867	5220978
5221622	5221859
5222383	5222547
5225119	5225256
5225777	5225859
5226690	5226968
5229107	5229289
5229733	5229831
5230068	5230223
5237993	5238121
5239285	5239381
5240469	5240569
5241072	5241182
5241515	5241583
5241744	5241881
5242331	5242517
5243274	5244051
5244313	5244384
5245363	5245486
5246279	5246434
5252779	5252937
5257056	5257215
5257255	5257421
5388786	5389034
5389657	5389827
5390048	5390056
5391238	5391449
5392360	5392381
5392562	5392621
5393386	5393466
5394793	5395032
5397527	5397814
5398813	5398980
5544519	5544583
5558567	5558684
5565036	5565128
5572268	5572362
5579368	5579560
5580176	5580287
5582107	5582179
5584164	5584255
5587331	5588467
5595901	5596129
5599142	5599269
5601370	5601533
5604406	5604723
5749457	5751048
5751798	5752224
5766727	5767104
5769666	5769769
5774210	5774364
5775766	5775934
5778315	5778432
5779293	5779402
5779489	5779703
5780563	5780671
5781974	5782180
5782376	5782435
5782720	5782801
5788676	5788752
5790418	5790650
5793867	5794002
5794100	5794369
5795246	5795389
5797601	5797718
5803225	5803276
5803680	5803826
5804669	5804801
5805803	5805939
5806394	5806617
5807333	5807504
5808332	5808503
5809302	5809583
5810173	5810306
5810739	5810909
5811500	5811626
5812379	5812575
5812970	5813223
5813996	5815377
5819728	5819849
5819980	5820076
5820482	5820604
5820780	5820897
5821029	5821507
5822767	5822878
5823388	5823530
5823683	5823804
5823901	5824069
5874880	5875230
5876489	5876565
5876972	5877115
5877539	5877614
5878860	5878895
5880057	5880145
5881356	5881468
5882402	5882466
5882825	5882926
5883380	5883520
5884428	5884484
5885057	5885169
5885369	5886619
5889387	5889494
5891353	5891431
5892249	5892352
5894307	5894438
5896473	5896584
5896977	5897059
5897957	5898100
5898429	5898521
5898633	5898779
5898897	5899060
5899331	5899445
5900539	5900640
5900766	5900913
5901421	5901479
5902179	5902320
5902625	5903021
5903167	5903301
5903414	5903480
5903712	5904762
5951974	5952033
5958516	5958738
5959723	5959922
5960303	5960413
5961769	5961861
5962321	5962451
5962563	5962622
5963678	5963786
5964600	5964653
5967395	5967565
5969528	5969655
5972439	5972540
5975048	5975120
5975566	5975682
5976029	5978929
5987282	5987435
5989645	5989821
5990208	5990278
6002253	6002353
6002879	6003045
6003144	6003280
6003466	6003571
6003707	6003953
6004087	6004258
6007089	6007115
6009191	6009257
6009314	6009452
6011919	6011985
6012760	6012864
6012990	6013064
6013165	6013282
6013520	6014048
6014069	6014619
6060372	6060500
6065818	6065907
6066217	6066342
6066514	6066676
6066818	6066909
6068871	6068951
6069728	6069787
6070404	6070555
6074470	6074563
6074877	6074948
6075251	6075381
6075505	6075637
6075743	6075847
6077093	6077199
6077482	6077636
6077731	6077841
6077929	6078031
6078791	6078833
6078925	6078967
6079059	6079200
6079295	6079518
6079713	6079826
6079926	6080033
6080084	6080190
6080245	6080647
6080814	6080956
6094125	6094432
6094621	6094851
6095159	6095237
6095282	6095549
6095851	6095938
6096232	6096333
6096635	6096808
6096936	6097010
6097341	6097527
6097563	6097615
6099284	6099351
6099432	6099540
6100307	6100522
6103623	6103676
6107112	6107236
6107350	6107407
6107770	6108080
6111409	6111591
6111740	6111923
6112078	6113444
6137917	6138217
6138739	6138841
6139344	6139534
6140529	6140676
6141606	6141736
6141983	6142249
6142457	6142590
6142950	6143085
6143179	6143298
6143444	6143593
6143824	6143974
6144338	6144465
6144751	6144963
6148016	6148171
6148353	6148585
6149133	6149213
6149294	6149445
6149521	6149699
6149904	6150743
6158221	6158487
6163520	6163778
6164106	6164155
6164198	6164285
6165894	6166019
6166685	6166876
6167353	6167429
6167678	6167773
6172619	6172711
6180258	6180396
6181422	6181612
6182096	6182465
6182677	6182765
6183771	6184140
6184182	6184413
6184806	6185193
6185220	6185486
6185548	6185586
6185612	6185702
6185770	6186338
6186405	6186455
6186538	6186717
6187170	6187207
6187221	6187420
6187434	6187610
6195827	6196173
6196460	6196600
6198158	6198322
6198419	6198582
6198709	6198802
6199018	6199092
6199583	6199693
6200366	6200483
6201199	6201332
6201499	6201590
6201984	6202959
6467260	6467670
6468655	6468819
6470139	6470663
6494320	6494419
6495856	6496664
6715152	6715283
6715305	6715540
6716291	6716491
6717074	6717322
6721363	6721442
6722454	6722620
6723074	6723196
6727499	6727632
6729238	6729480
6729734	6729844
6733248	6733495
6738340	6738445
6740231	6740355
6747152	6747257
6747834	6747982
6749080	6749171
6751699	6751775
6752915	6752962
6756800	6756838
6760107	6760226
6760934	6761014
6763090	6763195
6763931	6764067
6764712	6764851
6765731	6765812
6767011	6767227
6767991	6768053
6769627	6770220
6772726	6772823
6774211	6774295
6775773	6775896
6777217	6777334
6783776	6783961
6788665	6788782
6789752	6789909
6791051	6795132
7076858	7077048
7077513	7077631
7078364	7078578
7083963	7084059
7085471	7085587
7087754	7087930
7088352	7088493
7090144	7090284
7091010	7091252
7092196	7092264
7093020	7093152
7094328	7094523
7095816	7095944
7097438	7097521
7098317	7098439
7098905	7099033
7099730	7099828
7100379	7100531
7101487	7101614
7101984	7102045
7103097	7103202
7104644	7105482
7123659	7123690
7124925	7125003
7127486	7127590
7129476	7129609
7133677	7133802
7138626	7138783
7139830	7139963
7141175	7141294
7142172	7142273
7146995	7147075
7150327	7150452
7151095	7151277
7151364	7151461
7152753	7152855
7186803	7186946
7187974	7188114
7188823	7188981
7190363	7190537
7192750	7192942
7193610	7193894
7194739	7195890
7195930	7196821
7246628	7246708
7249070	7249187
7249771	7249882
7250496	7250665
7251994	7252105
7252704	7253100
7254501	7254791
7285067	7285391
7286073	7286269
7288166	7288245
7289727	7289790
7290944	7290981
7292105	7292247
7294647	7294698
7295825	7295905
7297122	7297202
7297869	7297992
7298342	7298475
7300693	7300830
7301934	7302087
7302836	7302942
7304537	7304623
7305342	7305404
7306270	7306432
7307287	7307392
7308354	7308451
7312300	7312323
7313194	7313256
7314012	7315135
7411301	7411344
7441322	7441395
7441666	7441831
7443204	7443381
7448957	7448993
7454723	7454734
7455121	7455205
7458749	7458783
7470186	7470505
7471715	7472521
7474390	7474697
7475383	7475522
7475898	7475952
7476229	7476277
7478379	7478445
7480830	7480892
7484246	7484324
7485557	7485614
7489912	7490000
7499978	7500479
7505557	7505738
7520462	7520575
7522728	7522922
7524244	7524327
7524738	7524915
7525458	7525651
7526314	7526368
7527572	7527766
7528384	7528487
7528890	7529015
7529112	7529280
7530459	7530539
7530646	7530768
7532164	7534185
7669301	7669346
7669848	7669932
7670282	7670381
7670498	7670554
7676995	7677131
7677707	7677804
7678611	7678767
7683273	7683411
7686834	7686974
7688231	7688350
7689096	7689241
7689708	7689786
7690363	7690492
7693482	7693667
7696786	7696802
7708908	7709051
7709803	7709994
7711227	7711300
7711823	7711875
7711967	7712063
7712908	7712962
7713458	7713724
7714512	7714635
7714902	7714978
7715249	7715383
7716825	7716926
7719460	7719577
7720039	7720183
7722473	7722743
7725462	7725680
7726910	7727014
7727788	7727850
7728999	7729118
7730235	7730334
7738331	7738437
7740335	7740424
7742055	7742131
7743566	7743654
7747504	7747571
7758802	7759131
7759483	7759566
7791204	7791289
7791822	7791909
7801367	7801427
7808181	7808308
7810515	7810666
7817013	7817082
7818617	7818658
7821614	7821715
7824140	7824314
7825627	7825808
7826179	7826343
7826753	7826990
7828688	7828816
7829964	7830103
7830851	7831340
7831755	7832536
7834387	7834524
7835091	7835224
7836232	7836378
7839970	7840169
7844102	7844911
7891285	7891324
7897788	7897942
7907162	7907231
7908196	7908309
7912668	7912727
7918098	7918195
7918704	7918813
7919472	7919614
7920211	7920379
7924652	7924827
7926653	7926718
7931342	7931401
7956393	7956512
7957075	7957126
7958316	7958453
7961906	7961988
7962171	7962259
7968862	7968915
7970254	7971609
7977466	7977624
7978433	7978538
7979053	7979103
7985801	7985923
7990880	7990969
7991918	7992077
7993894	7994083
7994209	7994338
8820457	8820477
8828150	8830144
8988066	8988720
8989412	8989740
8990594	8990707
8991380	8991480
8992576	8992728
8994143	8994257
8995289	8995427
9001101	9001262
9007873	9007994
9009192	9009282
9013972	9014039
9014701	9014847
9015028	9015327
9025866	9026004
9027666	9027733
9029207	9029275
9036819	9036939
9038080	9038164
9043703	9043782
9044460	9044511
9045069	9045150
9047679	9047807
9050085	9050189
9051086	9051217
9051509	9051584
9053144	9053304
9053744	9053874
9054960	9055059
9055884	9055919
9056608	9056787
9061791	9061910
9062884	9062962
9063420	9063480
9068033	9068218
9068607	9068708
9069376	9069431
9069942	9070079
9070782	9070878
9073237	9073352
9074179	9074272
9075271	9075343
9076019	9076118
9076651	9076752
9077193	9077368
9079120	9079368
9570395	9570430
9572548	9572611
9572637	9572788
9573198	9573333
9575913	9576052
9576895	9576988
9577858	9578019
9581158	9581276
9583541	9583777
9587754	9587889
9588594	9588734
9591327	9591410
9594127	9594267
9594688	9594816
9597049	9597172
9597967	9598031
9598686	9598758
9599364	9601308
10007299	10007364
10007463	10007527
10007700	10007853
10012483	10012655
10014260	10016434
10056364	10056486
10064903	10065112
10322295	10322440
10327636	10327693
10334913	10334968
10337771	10337818
10339907	10339949
10340599	10340671
10343047	10343178
10343468	10343530
10343612	10343693
10343798	10343908
10347878	10347953
10348910	10348968
10358953	10359011
10360157	10360195
10360477	10360530
10363555	10363597
10363813	10363975
10364950	10365059
10366003	10366044
10366277	10366361
10367353	10367432
10369922	10369982
10370068	10370185
10372022	10372080
10373963	10374066
10374812	10374983
10377076	10377144
10377268	10377334
10378972	10379042
10381490	10381545
10383612	10385126
10395029	10395061
10398723	10398854
10399433	10399597
10401005	10401214
10401661	10401804
10403755	10403853
10414559	10414686
10415465	10416120
10420444	10420525
10420753	10420875
10421034	10421137
10422324	10422546
10423227	10423346
10423661	10423823
10424159	10424276
10425529	10425701
10426615	10426731
10426889	10427153
10428192	10428310
10429530	10430030
10467378	10467578
10468291	10468443
10468722	10468886
10469235	10470037
10471380	10471570
10471702	10471823
10472085	10472280
10473005	10473129
10474206	10474339
10475110	10475164
10475459	10475655
10476103	10476219
10476533	10476629
10477058	10477199
10477813	10477961
10478411	10478687
10479257	10479352
10479452	10479535
10479656	10479793
10480182	10480256
10480668	10480802
10481144	10481344
10481427	10482899
10517263	10517410
10520899	10521032
10524172	10524346
10528481	10528536
10534136	10534239
10534368	10534605
10537788	10537868
10539758	10539829
10539921	10539993
10543915	10543986
10545498	10545715
10545860	10545954
10546616	10546817
10547703	10547760
10547874	10547912
10553431	10553477
10586913	10587228
10591728	10591862
10593487	10593591
10594323	10594373
10596477	10596533
10597121	10597213
10597472	10597610
10598458	10598585
10600714	10600770
10601558	10601629
10603304	10603735
10604963	10604977
10605106	10605194
10605225	10605261
10605604	10606032
10606073	10607527
10618148	10618285
10618558	10618694
10618774	10618911
10619143	10619281
10620363	10620473
10620998	10621087
10622936	10623110
10623660	10623727
10628924	10629175
10630179	10630391
10630993	10631109
10631200	10631382
10942183	10942322
10946671	10946733
10951310	10951359
10952044	10952169
10952469	10952702
10955128	10955162
10962339	10962429
10963318	10963364
10964046	10964103
10964480	10964542
10965644	10965806
10966369	10966480
10967201	10967561
10967586	10967761
11052900	11053003
11054044	11054210
11074660	11074788
11083539	11084059
11098307	11098350
11099563	11099656
11100443	11102115
11103184	11103550
11117673	11117858
11118038	11118112
11118399	11118481
11118666	11118815
11119157	11119260
11120114	11120312
11121091	11121176
11122168	11122319
11123159	11123357
11124130	11124160
11124861	11125001
11126001	11126142
11126754	11126949
11127213	11127426
11128070	11128279
11128867	11128943
11129742	11129931
11131555	11131643
11132767	11132922
11132954	11133125
11134044	11134181
11134627	11134756
11135231	11135316
11135676	11135744
11136053	11136144
11137644	11137731
11253320	11253365
11253427	11253978
11256379	11257431
11258361	11258417
11259360	11259460
11259760	11259824
11260400	11260551
11260645	11260797
11261889	11262533
11696577	11696634
11698076	11698176
11702461	11702557
11703482	11703657
11704973	11705095
11705208	11705384
11706493	11706606
11706817	11706906
11707274	11707769
11707803	11707906
11737977	11738061
11742820	11742947
11743476	11743583
11750951	11751136
11752585	11752718
11753330	11753627
11754623	11754820
11754984	11755226
11755621	11755725
11756670	11757755
11935868	11935956
11936422	11936599
11939332	11939475
11974473	11976252
11985895	11986046
11986551	11986677
11986992	11987048
11988590	11988712
11995152	11995212
12000872	12000995
12006684	12006819
12007212	12007279
12007561	12007618
12008569	12008748
12008917	12009048
12166008	12166117
12166209	12166283
12167796	12167949
12168090	12168161
12169634	12169800
12172495	12172728
12173907	12174101
12175558	12175692
12177905	12178139
12178228	12178293
12182578	12182677
12184273	12184398
12188173	12188258
12190107	12190205
12194226	12194405
12194514	12194603
12196777	12197205
12197703	12199151
12200252	12200374
12200600	12200696
12201162	12201317
12202030	12203166
12203187	12203650
12245511	12245549
12248978	12249088
12253977	12254192
12257768	12257840
12259695	12259831
12260612	12260761
12261455	12261600
12261985	12262117
12263254	12266289
12752839	12753011
12754533	12754674
12755194	12755244
12756051	12756101
12757513	12757665
12925457	12925523
12926082	12926169
12927779	12928594
12928615	12930261
12930459	12930657
13565158	13565256
13565339	13565428
13567093	13567176
13568665	13568725
13569172	13569289
13569810	13569880
13578783	13578790
13582721	13582757
13610055	13610173
13654966	13655064
13655507	13655605
13656155	13656310
13661368	13661537
13662551	13662642
13663454	13663638
13665575	13665679
13667364	13667447
13668096	13668165
13669003	13669703
13669734	13670830
13687861	13688037
13690706	13691091
13698616	13698741
13700987	13701015
13705194	13705369
13738078	13738118
13750636	13750716
13751539	13751657
13751663	13752105
13753342	13753419
13754526	13754642
13754839	13754970
13755618	13755720
13756167	13756325
13756973	13757070
13757489	13757620
13758110	13758259
13758844	13758927
13825333	13825849
13831898	13831958
13834890	13834985
13835798	13835860
13836586	13836693
13838851	13839071
13840352	13840437
13841740	13842666
13845392	13845441
14045034	14045225
14045311	14045413
14047900	14048090
14049292	14049383
14049789	14050024
14050569	14050649
14052664	14052830
14070386	14070626
14070903	14070968
14072158	14072221
14072590	14072691
14072848	14073045
14073444	14073485
14076167	14076184
14078286	14078315
14086516	14086670
14087046	14087324
14087629	14087775
14088773	14088922
14091094	14091227
14095051	14095163
14097887	14097941
14109450	14109649
14114648	14114757
14116745	14116868
14117913	14118063
14120975	14121072
14122211	14122456
14123921	14124134
14124931	14125178
14129400	14129572
14131619	14131777
14134084	14134299
14134327	14134356
14134822	14135004
14135026	14135226
14179667	14179687
14184416	14184614
14193705	14193710
14217109	14217203
14290119	14290324
14292759	14292931
14294111	14296655
14297957	14298222
14298724	14298841
14301009	14301098
14301644	14301798
14301964	14302163
14302525	14302681
14464664	14465226
14471859	14471983
14475486	14475550
14479418	14483224
14493197	14493347
14493446	14493519
14496092	14496160
14496553	14496699
14498459	14498560
14499216	14499380
14499477	14499535
14501898	14501992
14504272	14504324
14506288	14506437
14509488	14509580
14509657	14509745
14510642	14510778
14511422	14511514
14512867	14512994
14513362	14513514
14514284	14514376
14515504	14515737
14517105	14517140
14517973	14518089
14521127	14521255
14523051	14523076
14523093	14523186
14524216	14524335
14524824	14525138
14541054	14543027
14549689	14549891
14550270	14550341
14563663	14563837
14564919	14565020
14565320	14565443
14566836	14566891
14567876	14567969
14569173	14569768
14571273	14571545
14572363	14572452
14574335	14575295
16613893	16614017
16614650	16614803
16615863	16615980
16616274	16616370
16617133	16617241
16619155	16619272
16620124	16620237
16621187	16621279
16623155	16623259
16623997	16624158
16624808	16625021
16628568	16628671
16629833	16629904
16630812	16630905
16631715	16631803
16632858	16632938
16633475	16633602
16633954	16634028
16634189	16635079
16674059	16674262
16678166	16678429
16695665	16695769
16696246	16696356
16696892	16697013
16697333	16697456
16698081	16698176
16699026	16699131
16699211	16699286
16700120	16700159
16700266	16700352
16701418	16701577
16702283	16702368
16703053	16703612
16748766	16749470
16752252	16752400
16752599	16752721
16753497	16753649
16754215	16754318
16755070	16755223
16756858	16756996
16757319	16757509
16757658	16757695
16758811	16758901
16759489	16759581
16759923	16760015
16760116	16760196
16760294	16760383
16760795	16760887
16761811	16761882
16762026	16762121
16762573	16762656
16764143	16764226
16764679	16764777
16765216	16765359
16765617	16766164
16918590	16919069
16926830	16927048
16927432	16927437
17023564	17023601
17024509	17024681
17024927	17025043
17025512	17026923
17060340	17061215
17061263	17061324
17061569	17061744
17061768	17061833
17061893	17062027
17062206	17062287
17062385	17062626
17062628	17062658
17062678	17062775
17064334	17064408
17221982	17222067
17224110	17224179
17230687	17230740
17232715	17232769
17238160	17238223
17238668	17238774
17242631	17242753
17253292	17253409
17254288	17254384
17291047	17291214
17292059	17292172
17293180	17293378
17294086	17294248
17300812	17300972
17302161	17302300
17757763	17757889
17757928	17758305
17761336	17761601
18190043	18190249
18192103	18192174
18199308	18199414
18215585	18215702
18217488	18217576
18225622	18225683
18226301	18226432
18228005	18228069
18231281	18231404
18232944	18233025
18234932	18234979
18235087	18235162
18236471	18236570
18238195	18238293
18239113	18239261
18240194	18240273
18240369	18240458
18241507	18241646
18242263	18242479
18242785	18242928
18243186	18243268
18243579	18243643
18244035	18244125
18245909	18246036
18246735	18246948
18249229	18249326
18249883	18249988
18250744	18250904
18252653	18252869
18253226	18253399
18253516	18253622
18254609	18254675
18255301	18255371
18257288	18257362
18257570	18257788
18258867	18258956
18259041	18259259
18259878	18260036
18260314	18262190
18292324	18292448
18294559	18294663
18294921	18295028
18295542	18295590
18296592	18296683
18297651	18297848
18298712	18298817
18300000	18300624
18306290	18306372
18310816	18310864
18312720	18312876
18313589	18313728
18314378	18314478
18315743	18315869
18316069	18316225
18316640	18316811
18317323	18317556
18318589	18318673
18319013	18319072
18321460	18321570
18323071	18323207
18323913	18324120
18324549	18324661
18325278	18325346
18325538	18325907
18326777	18327007
18327682	18327930
18328506	18328736
18329076	18329341
18330348	18330399
18331259	18331468
18331597	18331669
18332436	18332515
18332841	18332942
18333490	18333645
18333807	18334004
18334357	18334530
18336770	18336930
18338416	18338494
18340768	18340832
18341116	18341255
18341681	18341709
18342609	18342710
19924943	19925078
19926268	19926331
19928585	19928879
19930146	19930330
19933360	19933581
19934890	19934983
19941915	19942110
19942884	19943014
19945019	19945068
19952624	19952799
19956080	19956721
19962099	19962282
19967373	19967536
19971448	19971624
19975467	19975961
19977356	19977628
19979880	19980037
19981298	19981442
19991337	19991566
20128357	20128537
20136458	20137086
20146845	20147179
20150218	20150340
20152893	20153056
20155000	20155209
20156576	20156778
20158588	20158700
20162710	20162860
20164499	20164530
20164918	20165116
20173296	20173464
20176382	20176603
20181695	20181918
20184220	20184430
20185266	20185463
20185988	20186289
20187510	20187569
20187997	20188195
20194157	20194264
20194807	20194990
20195764	20195921
20203067	20203225
20203868	20204030
20205456	20205494
20209870	20210224
20646586	20646759
20652687	20652770
20653386	20653555
20670076	20670249
20676261	20676358
20678525	20678592
20681554	20681624
20683273	20683360
20685784	20685872
20687448	20687535
20688194	20688276
20690586	20690643
20693921	20693999
20695658	20697147
20699594	20699737
20700758	20700976
20704053	20704181
20705113	20705347
20707315	20707478
20711855	20711983
21283355	21283702
21285365	21285468
21288630	21289066
21291238	21291491
21292629	21292658
21292732	21292786
21294520	21294941
21295904	21296030
21296664	21296724
21298583	21298746
21301776	21301926
21304865	21304994
21383086	21383230
21389412	21389542
21391927	21391981
21394625	21394692
21395276	21395546
21396747	21396754
21396931	21400314
21401656	21401760
21404221	21405416
21522522	21522560
21523868	21523964
21525485	21525694
21527735	21527889
21528724	21528866
21534018	21534162
21537568	21537672
21538377	21538517
21554325	21554339
21650060	21650250
21651633	21651779
21654282	21654419
21654880	21654926
21655416	21655615
21656664	21656786
21659359	21659476
21660415	21660549
21661103	21661200
21661855	21662094
21662788	21662925
21663638	21663844
21667328	21667502
21668291	21668331
21668779	21668847
21671234	21671332
21672146	21672331
21673201	21674316
21696729	21696966
21702953	21702983
21703100	21703205
21709640	21709754
21709903	21709936
21718510	21718553
21723838	21723956
21728967	21729062
21731139	21731412
21739875	21740001
21747255	21747361
21750822	21750930
21750950	21751034
21751317	21751469
21751735	21751781
21752518	21752812
21753456	21753575
21785748	21785917
21786997	21787227
21788257	21788383
21789163	21789382
21790323	21790377
21790460	21790533
21791385	21791414
21792960	21793178
21795639	21795704
21797298	21797545
21815435	21816341
21829948	21830062
21882723	21883018
21890671	21890968
22226670	22226792
22242240	22242308
22242435	22242727
22242901	22243054
22243143	22243289
22248662	22248854
22249422	22249478
22265791	22265906
22648473	22648505
22653081	22653340
22655682	22655760
22657122	22657235
22660023	22660150
22660401	22660539
22662216	22662278
22663539	22663659
22666181	22666288
22667848	22667936
22668601	22668699
22668774	22668872
22671168	22671331
22671421	22671520
22672054	22672182
22672934	22673117
22674150	22674211
22674985	22675095
22677346	22677411
22678643	22678765
22679102	22679165
22679459	22679583
22680874	22680926
22681183	22681285
22681817	22681865
22682293	22682447
22684366	22684468
22685155	22685264
22685484	22685564
22686335	22686516
22687186	22687385
22688237	22688330
22689776	22689937
22690267	22690364
22690591	22690663
22691472	22691620
22691704	22691759
22692195	22692291
22694208	22694275
22694790	22694925
22695565	22695655
22696444	22696574
22697233	22697341
22697587	22697643
22699103	22699180
22699432	22699602
22700271	22700372
22701155	22703418
22744026	22744587
22757324	22757372
22760209	22760257
22760339	22760407
22764450	22766153
22767961	22768060
22769307	22769368
22771233	22771294
22771404	22771549
22771702	22771796
22772984	22773086
22773888	22777682
23019211	23019317
23027371	23027467
23030521	23030792
23034550	23034629
23035467	23035574
23045365	23045538
23047111	23047184
23048286	23048357
23357499	23357566
23362870	23362969
23367398	23367410
23368420	23368602
23378997	23379126
23382927	23382932
23384114	23384287
23386411	23386539
23389590	23389615
23397109	23397257
23399827	23399848
23400801	23400918
23405652	23405801
23407230	23407299
23408512	23408622
23411008	23411103
23413292	23413426
23413648	23413783
23415577	23415728
23417234	23417359
23417479	23417610
23418228	23418295
23422065	23422153
23423322	23423419
23427427	23427514
23428775	23428873
23433007	23433137
23433608	23436461
23650052	23650079
23651042	23651109
23652899	23652992
23653479	23653499
23654335	23654350
23654455	23654497
23666680	23666722
23672106	23672232
23685288	23685351
23686374	23686491
23701965	23702069
23702714	23702816
23712197	23712296
23717168	23717356
23722520	23722594
23727478	23727536
23730091	23730215
23731032	23731183
23732262	23732484
23740614	23740700
23745649	23745795
23746038	23746150
23747410	23747550
24905322	24905388
24906417	24906566
24907016	24907099
24908647	24908728
24910263	24910445
24911798	24912786
24913796	24913871
24914321	24914415
24915052	24915196
24917260	24917396
24918505	24918615
24918880	24918966
24919483	24919641
24919906	24919986
24922143	24922322
24923077	24923185
24923289	24923401
24925530	24925709
24927678	24927775
24928239	24928416
24930057	24930212
24931568	24931665
24932044	24932185
24932903	24933048
24934624	24934753
24936028	24936114
24937797	24937934
24939176	24939358
24945881	24945945
24946066	24946192
24946577	24946611
24946992	24947061
24947142	24947230
24949326	24949512
24951984	24952052
24953386	24953463
24954942	24955018
24955378	24955448
24955881	24955978
24957154	24957246
24962118	24962682
24980727	24981051
24982572	24982676
24983403	24983559
24985433	24985671
24986079	24986211
24987237	24987506
24989433	24989598
24989687	24989770
24990069	24990268
24990383	24990459
24991746	24992013
24992538	24992665
24993171	24993326
24993354	24993948
25209565	25210434
25212290	25212407
25218210	25218321
25221488	25221545
25229355	25229871
25229892	25231220
25235311	25242231
25242922	25243101
25244051	25244205
25245243	25245368
25247231	25247350
25248060	25248184
25249302	25249500
25250220	25250366
25252396	25252512
25253343	25253771
25262922	25262933
25274522	25274774
25274903	25275007
25278784	25278845
25279151	25279317
25288032	25288096
25351129	25351147
25358215	25358273
25369100	25369124
25427301	25427366
25444770	25444824
25445875	25445938
25464607	25464681
25492526	25492602
25493107	25493124
26398957	26399027
26402145	26402335
26413195	26413346
26413944	26414028
26414523	26414641
26414737	26414939
26423038	26423144
26427812	26427959
26428701	26428909
26429234	26429421
26430281	26430391
26432084	26432568
26433652	26433775
26433865	26433982
26434553	26434729
26435413	26437758
26538706	26538781
26546486	26546646
26547387	26547482
26548219	26548370
26566694	26566727
26567222	26567475
26569994	26570044
26570685	26570788
26579419	26579450
27428333	27428338
27438036	27438074
27447063	27447233
27452461	27452524
27455339	27455392
27462535	27462699
27467977	27468068
27477679	27477867
27498243	27498416
27573834	27573839
27580820	27580895
27582125	27582615
27596191	27596238
27673121	27673533
27680298	27680622
27682040	27682277
27685220	27685476
28607999	28608007
28613163	28613295
28613917	28614084
28619007	28619171
28623526	28623587
28623832	28623943
28624236	28624348
28624989	28625099
28625907	28626027
28627287	28627334
28631276	28632111
29027735	29028011
29032238	29032352
29032886	29033052
29035409	29035570
29042305	29042419
29043066	29043107
29043844	29043867
29044277	29044338
29044432	29044543
29048421	29048502
29052065	29052206
29053430	29053691
29062581	29062747
29063892	29064060
29065786	29066081
29151461	29151651
29163967	29164085
29169586	29169697
29171108	29171274
29172371	29172539
29173361	29177513
29177535	29178508
29461335	29461423
29462568	29462708
29463491	29463558
29464458	29464547
29466407	29466783
29471198	29471279
29476596	29476806
29477340	29477703
29479313	29479577
29481406	29481625
29485545	29485662
29954042	29954086
29954881	29954998
29958412	29958551
29961288	29961462
29965818	29966014
29968794	29968926
29973610	29973879
29974272	29974601
29977872	29978233
30168798	30169229
30171875	30171969
30174381	30174433
30176523	30177366
30205281	30205310
30209131	30209215
30212202	30212287
30213676	30213738
30220483	30220671
30221317	30221462
30222214	30222408
30222905	30223049
30223466	30223611
30223911	30224019
30224343	30224381
30225031	30225142
30225680	30225807
30226538	30226688
30228457	30228626
30229615	30229728
30230471	30230611
30231238	30231375
30231780	30231889
30232985	30233093
30234593	30234715
30235047	30235157
30236001	30236084
30236224	30236334
30236700	30237230
30254168	30254284
30255715	30255972
30257887	30258455
30259424	30259873
30261779	30261952
30302820	30302921
30303798	30304029
30304202	30304290
30304568	30304816
30305137	30305199
30310307	30310595
30310822	30310982
30312830	30315008
30452542	30452740
30454862	30454874
30459262	30459348
30461733	30462093
30918388	30918497
30921766	30921870
30929749	30929872
30930636	30930702
30939305	30939448
30939576	30939690
30939735	30939779
30940824	30940895
30941468	30941710
31448682	31448841
31448949	31449031
31452798	31452911
31453301	31453426
31453722	31453862
31455269	31455333
31457139	31457327
31459380	31459518
31462070	31462222
31464571	31464705
31467708	31467824
31473754	31473903
31774201	31774354
31777072	31778216
31782724	31782751
31786265	31786269
31949964	31950018
31955549	31955621
31957524	31957617
31958112	31958253
31960069	31960271
31962390	31962477
31981423	31981441
31982054	31982079
31982528	31982642
31982784	31982847
31983286	31983803
32009241	32009262
32011729	32011789
32014369	32014461
32016246	32016438
32017940	32018188
32027733	32027776
32028195	32028398
32029117	32029227
32043656	32043713
32043764	32043776
32045992	32046160
32055289	32055331
32055436	32055502
32056503	32056633
32073297	32073356
32105204	32105398
32118924	32119037
32150077	32150180
32161354	32161887
32186872	32187038
32200199	32200268
32202904	32203013
32203519	32203830
32211809	32211941
32215797	32215850
32225768	32225892
32246721	32246904
32254839	32254871
32266154	32266438
32280878	32280950
32283222	32283247
32285589	32285795
32287342	32287435
32289509	32289771
32292409	32292592
32294920	32294940
32296269	32296428
32324357	32324519
32325526	32327990
32328171	32328958
32338713	32338805
32341844	32342046
32343044	32343194
32344740	32344885
32762871	32763024
32775702	32776145
32782631	32782836
32785760	32785790
32788301	32788387
32788846	32788960
32791405	32791426
32791599	32791695
32796684	32797555
32805014	32805149
32806776	32809396
32809764	32811116
32837047	32837127
32837567	32837696
32839280	32839329
32840781	32840911
32841464	32841581
32842499	32842618
32842742	32842798
32843766	32843877
32844700	32844781
32845217	32846429
32854060	32854200
32856328	32856418
32856507	32856596
32856787	32856927
32857691	32857795
32858280	32858373
32858679	32859000
32859970	32860116
32860835	32861022
32861197	32861341
32861435	32861566
32862111	32862258
32862344	32862494
32863037	32863144
32863620	32863815
32864666	32864860
32865993	32866422
32866938	32867037
32867952	32868058
32869217	32869377
32870493	32872284
32873061	32873194
32873633	32873739
32874251	32874437
32880389	32880509
32881552	32881739
33026589	33026598
33029420	33029503
33030738	33030821
33036252	33036347
33042265	33042449
33043432	33043565
33043865	33043958
33047779	33047883
33048556	33048627
33049150	33049225
33049746	33049837
33051751	33051830
33052633	33052675
33053282	33053361
33055050	33055120
33056922	33056962
33058210	33058328
33062158	33062323
33066415	33066501
33070029	33070118
33070718	33070802
33071853	33071895
33073926	33073991
33074391	33074471
33075693	33075728
33076525	33076619
33077387	33077435
33079207	33079326
33079623	33079725
33080035	33080082
33080661	33080729
33081737	33082217
33083093	33083106
33099946	33100089
33106528	33106571
33109916	33109953
33110615	33110934
33120540	33120678
33122325	33122456
33123138	33123295
33125449	33125638
33128373	33128450
33130413	33130596
33132139	33132262
33135003	33135080
33136654	33136930
33139975	33140027
33140398	33140470
33143388	33143494
33144067	33144228
33144694	33144792
33145599	33145866
33146779	33146864
33147506	33149030
33149084	33149403
33149428	33150408
33158431	33159977
33161055	33161286
33161603	33161777
33162136	33162224
33162662	33162715
33163391	33163493
33165613	33165679
33166954	33167054
33168406	33168451
33169487	33169686
33170651	33170734
33171222	33171283
33171370	33171451
33172169	33172923
33177183	33177286
33177711	33177765
33180183	33180306
33181144	33181256
33185520	33185549
33188580	33188642
34303011	34303050
34311098	34311133
34318351	34318446
34325141	34325261
34339100	34339105
34341174	34341295
34353854	34354036
34358022	34358219
34374019	34374147
34385856	34386120
34388588	34388709
34392686	34392895
34397047	34397262
34398928	34399149
34403487	34403681
34404677	34404799
34406193	34406380
34407450	34407561
34413610	34413817
34414324	34414432
34417492	34417608
34419028	34419172
34421831	34422099
34424821	34424901
34428648	34428723
34430860	34430925
34439389	34439519
34439588	34439659
34440032	34440142
34455560	34455838
34465534	34465671
34479059	34479158
34480503	34480607
34483530	34483753
34484415	34484841
34486088	34486107
34487224	34487337
34550104	34550150
34550564	34550679
34553018	34553165
34553787	34553890
34554386	34554612
34556667	34557180
34557510	34557688
34691398	34691516
34691616	34691842
34692693	34692734
34692815	34692935
34693620	34693710
34694853	34694957
34696346	34696431
34719466	34719523
35055427	35055448
35058333	35058486
35061127	35061298
35063445	35063522
35065210	35065323
35066491	35066622
35087028	35087044
35090234	35090278
35091893	35092004
35094774	35094934
35096780	35096838
35097786	35098276
35107880	35108006
35111252	35111477
35115684	35115844
35118663	35118752
35120366	35120463
35131288	35131602
35132972	35133104
35137141	35137164
35143927	35144060
35145623	35145776
35148959	35148998
35154593	35155155
35161107	35161307
35161931	35162210
35173637	35173646
35189444	35189744
35192406	35192623
35197326	35197494
35206889	35206899
35277927	35278096
35291493	35291538
35296729	35296893
35300843	35300979
35303622	35303734
35304691	35304696
35307912	35307982
35312756	35312805
35316003	35316056
35333279	35333392
35355148	35355243
35357301	35357423
35363596	35363823
35368393	35368491
35370133	35370185
35374155	35374320
35380742	35380939
35384345	35384456
35385043	35385143
35388152	35388271
35434072	35434184
35435220	35435299
35445347	35445444
35447125	35447235
35455140	35455453
35461386	35461429
35504881	35505048
35522678	35522902
35526284	35526561
35535271	35535346
35543484	35543555
35557075	35557197
35558747	35558914
35561738	35561971
35562879	35562901
35563903	35564005
35564587	35564685
35566768	35566893
35568040	35568165
35568830	35568952
35571863	35571982
35576102	35576224
35578217	35578375
35583122	35583244
35585727	35585852
35592435	35592560
35594742	35594885
35604533	35604715
35606000	35606086
35608461	35608589
35609922	35610062
35612357	35612527
35613789	35613865
35613892	35614032
35654198	35654214
35675186	35675242
35676433	35676564
35677545	35677692
35679253	35679426
35679847	35679963
35680264	35680539
35686075	35686152
35690054	35690167
35692368	35692483
35693235	35693382
35696817	35696853
35699297	35699422
35699943	35700307
35700825	35700881
35701042	35701172
35701370	35701526
35701619	35701681
35701755	35701865
35702086	35702202
35702310	35702413
35703408	35703562
35703668	35703815
35704109	35704290
35704324	35704564
35704594	35704932
35705026	35705200
35705479	35705612
35706026	35706146
35770861	35771013
35771489	35771685
35772629	35773997
35775219	35775446
35775645	35775801
35776495	35776634
35777086	35777165
35777289	35777460
35778446	35778544
35778686	35778875
35779250	35779327
35779712	35779903
35780203	35780338
35780717	35780912
35781637	35781980
35782132	35782301
35782605	35782765
35783186	35783439
35784113	35784258
35784712	35784809
35785006	35785118
35787088	35787599
35824489	35824741
35831535	35831629
35835874	35836032
35839067	35839095
35839766	35839927
35840538	35840604
35842328	35842435
35843130	35843213
35844891	35848888
35863956	35864262
35864350	35864494
35864817	35864985
35867181	35867288
35867809	35867941
35868046	35868165
35868370	35868522
35868687	35868836
35869369	35869485
35869805	35870116
35902363	35902532
35905734	35905837
35906687	35906806
35907425	35907548
35908165	35908230
35908875	35909038
35909823	35910643
35911535	35911818
35924890	35924973
35925597	35926221
36019464	36019656
36021815	36023196
36026931	36027173
36031091	36031237
36032432	36032561
36032916	36033021
36033417	36033516
36033603	36033686
36035708	36035974
36037784	36037933
36038917	36039078
36041468	36041573
36043185	36043249
36045280	36045358
36047546	36047642
36048529	36048645
36052381	36052481
36053551	36053631
36055113	36055304
36055933	36056003
36058150	36058266
36059647	36059806
36066363	36066485
36067021	36067127
36067334	36067513
36069087	36069140
36069723	36069835
36069920	36070011
36070222	36070370
37235538	37235640
37237997	37238269
37240974	37241048
37245758	37247173
37247194	37252187
38860793	38860846
38862713	38862767
38863384	38863472
38864635	38864769
38867895	38868112
38870748	38870854
38872217	38872256
38872909	38873002
38873471	38875781
38887660	38887665
38897994	38898379
38906505	38906536
38916199	38916251
38941474	38941581
38941849	38941956
38944637	38944721
38963098	38963162
39184830	39184976
39193663	39193737
39195250	39195259
39197551	39197587
39199108	39199260
39200266	39200446
39208106	39208301
39209834	39209949
39211482	39211645
39212081	39212241
39213214	39213371
39217745	39217856
39218271	39218438
39223917	39224011
39224745	39225007
39226486	39226555
39228650	39228765
39233441	39233481
39234368	39234573
39238279	39238299
39239043	39239171
39240230	39240236
39242232	39242497
39242985	39243128
39244265	39244463
39245507	39245610
39247059	39247145
39251124	39251186
39251249	39251419
39253156	39253284
39253924	39254007
39294263	39294268
39298323	39298439
39300299	39300437
39305198	39305301
39306506	39306588
39308100	39308142
39311923	39311990
39316970	39317044
39321360	39321509
39322577	39322753
39327830	39327981
39330378	39330575
39332998	39333153
39334333	39334641
39576433	39576525
39577218	39577296
39579871	39579884
39580113	39580163
39580383	39580499
39584672	39584761
39585397	39585523
39591675	39591896
39596350	39596444
39596871	39597027
39597906	39598244
40268439	40268465
40269199	40269367
40270514	40270653
40271125	40271226
40272383	40272472
40272900	40272997
40273525	40273598
40274955	40275069
40275613	40275715
40276161	40276190
40276702	40276746
40277518	40277688
40278579	40278662
40279467	40279546
40280662	40280790
40282278	40282487
40283404	40283517
40284093	40284230
40287403	40287421
40572547	40573592
40577929	40578109
40584086	40584181
40590250	40590422
40594277	40594369
40594465	40594479
40594625	40594653
40594701	40594719
40597365	40597418
40600726	40601070
40686617	40686857
40687513	40687844
40688915	40689002
40690952	40691043
40692199	40692366
40692672	40692766
40693987	40694062
40697992	40698034
40698065	40698151
40699998	40700201
40806852	40806978
40834344	40834438
40837206	40837281
40840082	40840152
40842410	40842475
40843949	40844041
40845099	40845215
40846034	40846144
40848562	40848644
40849774	40849915
40851157	40851331
40851757	40851913
40852185	40852315
40852647	40852779
40853268	40853360
40857528	40857611
40859078	40859162
40861447	40861556
40862889	40863024
40863695	40863774
40864900	40864951
40866480	40866559
40869961	40870140
40873893	40874001
40875046	40875391
40877705	40877717
40880583	40880633
40889352	40889903
40891792	40894244
40949184	40949195
40951451	40952261
40954517	40954781
40955218	40955362
40955807	40955974
40968075	40968122
41324609	41324640
41326295	41326352
41327993	41328137
41332453	41332557
41335314	41336038
41341078	41343073
41352730	41352793
41359742	41359942
41360293	41360495
41362135	41362269
41363657	41363803
41364557	41364692
41367066	41367161
41369593	41369802
41370066	41370145
41371862	41372042
41372289	41372332
41373827	41373861
41374672	41375828
41378471	41378478
41379213	41379331
41380120	41380223
41382236	41382343
41383882	41384013
41384390	41384560
41385183	41385338
41385430	41385500
41386086	41386233
41387037	41387184
41387849	41388006
41388736	41388827
41391071	41391234
41392666	41392760
41392876	41393100
41394086	41394208
41394666	41394765
41395734	41395976
41397172	41397236
41398931	41399089
41400488	41400623
41402244	41402362
41403843	41403923
41404962	41405026
41407433	41407521
41408535	41409176
41413322	41413658
41413800	41413961
41414175	41414366
41414476	41414657
41414774	41415191
41443683	41443973
41445713	41449793
41706230	41706285
41707438	41707537
41708331	41708459
41709194	41709461
41709760	41710473
41710808	41710834
41713911	41714122
41791221	41791333
41792057	41792125
41792946	41793076
41807609	41807736
41809329	41811114
42471712	42471730
42473488	42473650
42474757	42474853
42477537	42477746
42486914	42487012
42640047	42640181
42646399	42646493
42655304	42655377
42655700	42655719
42661846	42662123
42667109	42667257
42668046	42668221
42672210	42672450
42674290	42674412
42676839	42676919
42677499	42677649
42678667	42678761
42680199	42680984
42681515	42684738
42748782	42748825
42753221	42753419
42754589	42754650
42765296	42765471
42773562	42773678
42775693	42776249
42780214	42780230
42780947	42781015
42781596	42781634
42800154	42800212
42800309	42800809
42803640	42803896
43010957	43011175
43016722	43016976
43019320	43019512
43021020	43021109
43022151	43022392
43422072	43422129
43434755	43434825
43438506	43439267
43446966	43447104
43449857	43449941
43456621	43456698
43457835	43457923
43458607	43458706
43460492	43460594
43464589	43464665
43464916	43465011
43465626	43465690
43465775	43465839
43466287	43466439
43467187	43467340
43467874	43467942
43468972	43469031
43470371	43470462
43470719	43470799
43470839	43470908
43471170	43471252
43471614	43471758
43471989	43472270
43472471	43472641
43473324	43473458
43473667	43474055
43475187	43475324
43605396	43605457
43606354	43606384
43609847	43610020
43720047	43720295
43726707	43727150
43735774	43735823
43740652	43740874
43744675	43744812
43746767	43746895
43749720	43749844
43751312	43751918
43795809	43795867
43796271	43796415
43800111	43800199
43802972	43803017
43805496	43805869
43817281	43817491
43821334	43821422
43822016	43822226
43822897	43823013
43824685	43824741
43824820	43824846
43826194	43826282
43828600	43828765
43829230	43830487
43884391	43884516
43907189	43907303
43908547	43908666
43914588	43914674
43915744	43915831
43917885	43917963
43920598	43920679
43923978	43924063
43925508	43925600
43926658	43926888
43928009	43928156
43929662	43929812
43936944	43937052
43937883	43938023
43938171	43938353
43939489	43939623
43940109	43940288
43940655	43940801
43948197	43948262
43949153	43949311
43950636	43951938
43969458	43969669
43972779	43972868
43973711	43973780
43974857	43974949
43975039	43975145
43976396	43976455
43979673	43979754
43983475	43983552
43983903	43983964
43984675	43984742
43985931	43986007
43987088	43987200
43988581	43988724
43989364	43989549
43990140	43990319
43991306	43991422
43991520	43991660
43994125	43994214
43994878	43995030
43998409	43998509
44000942	44001009
44001856	44001976
44004579	44004660
44005416	44005514
44006303	44006378
44007824	44007979
44008692	44008888
44011234	44011434
44012131	44012323
44013054	44013166
44013306	44013395
44231298	44231453
44237766	44237930
44238968	44239089
44241046	44241229
44243571	44243706
44246435	44246530
44252434	44252552
44252942	44253075
44256635	44256876
44260283	44260475
44262198	44262414
44262637	44262741
44267301	44267404
44271522	44271605
44274566	44274821
44284877	44285030
44287564	44287772
44289527	44289701
44294565	44294773
44295646	44295998
44296223	44296337
44297264	44297424
44298052	44298211
44298355	44298441
44299124	44299350
44300255	44301056
44301572	44301772
44301904	44302009
44304349	44304492
44306326	44306599
44309260	44309374
44309947	44310079
44311243	44311364
44312768	44312903
44313584	44313770
44314264	44314369
44315582	44315702
44316979	44317148
44318812	44319032
44320368	44320458
44322956	44323096
44323801	44323964
44325898	44325976
44326600	44326689
44327771	44327908
44328764	44328841
44331520	44331595
44333937	44334063
44337082	44337197
44338746	44338810
44340613	44340734
44343756	44343805
44347486	44347546
44349242	44349480
44351690	44351771
44353807	44353937
44355706	44356026
44357389	44357629
44358039	44358126
44359184	44359276
44359666	44359836
44360812	44360871
44364975	44365109
44367823	44367935
44368581	44368677
44369005	44369034
45787597	45787688
45794563	45794714
45795397	45795527
45801480	45801527
45801737	45801766
45804025	45804132
45805714	45805928
45806444	45806578
45809273	45809352
45815640	45815717
45822197	45822243
45828861	45828987
45831000	45831148
45832153	45832276
45833599	45833768
45835530	45835706
45836623	45836753
45838046	45838123
45839764	45839854
45841330	45841366
45842734	45842864
45844269	45844374
45846016	45846077
45846479	45846588
45847375	45847560
45851032	45851131
45851710	45851784
45853309	45853413
45855545	45855940
45861926	45862196
45864520	45864639
45865521	45865644
45866430	45866567
45866792	45867004
45868342	45868529
45869326	45869422
45870002	45870218
45871123	45871378
45873062	45873527
45874023	45874124
45877197	45877390
45879196	45879305
45911132	45911274
45915547	45915567
45924090	45924158
45926091	45926208
45927870	45928012
45928360	45928456
45929913	45930029
45930950	45931074
45933167	45933233
45934071	45934182
45935659	45935755
45936397	45936535
45941649	45941860
45949738	45949786
45952478	45952848
45957255	45957394
45958387	45958621
45959255	45959361
45960025	45960922
45961986	45962118
45965823	45965891
47024943	47024985
47035493	47035603
47039138	47039153
47039621	47039674
47041742	47041841
47042558	47042567
47047281	47047393
47047466	47047622
47050130	47050260
47052500	47052533
47054125	47054276
47479722	47480394
47480826	47480955
47486813	47487025
47487353	47487431
47488215	47488365
47489650	47489755
47490234	47490490
47491897	47492592
47495067	47495318
47496090	47496168
47498091	47498254
47498345	47498601
47501375	47501496
47504012	47504100
47505860	47505949
47506528	47506602
47507136	47507278
47510096	47510269
47510584	47510646
47511677	47511902
47512781	47512924
47514199	47514300
47515164	47515235
47516975	47517163
47520608	47520700
47521244	47521330
47521776	47521954
47523844	47523924
47525121	47525876
47564287	47564391
47568464	47568567
47571119	47573216
47574060	47574254
47603873	47604045
47624280	47624521
47625940	47626216
47635763	47635850
47803399	47803653
47805357	47805584
48488301	48488308
48502443	48502491
48505651	48505703
48507200	48507255
48510006	48510093
48513024	48513107
48520593	48520609
48521853	48521913
48525756	48525907
48527169	48527232
48528857	48528952
48530651	48530751
48532183	48532314
48538511	48538602
48539656	48539800
48541799	48541895
48545379	48545459
48545987	48549051
48549101	48550902
48610030	48610915
48614049	48614168
48615098	48615217
48616309	48616428
48620607	48620729
48621755	48621837
48623018	48623143
48623956	48624001
48625129	48625262
48629413	48629541
48631164	48631278
48632165	48632299
48633487	48633612
48634544	48634660
48634771	48634796
48636167	48636283
48636396	48636527
48636644	48636715
48637208	48637233
48637631	48637737
48637853	48637995
49244255	49244567
49248732	49248922
49249148	49249295
49249476	49249646
49250487	49250595
49251955	49252865
49254759	49254991
49255653	49257360
49354428	49354458
49356518	49356569
49368678	49368759
49371768	49371899
49385388	49385456
49389979	49390101
49391606	49391648
49392625	49392703
49394570	49394674
49397379	49397703
49399040	49399152
49399897	49400807
49405308	49405474
49407460	49407625
49409029	49409136
49409370	49409585
49409843	49409953
49411304	49411454
49411944	49412258
49413855	49413988
49415342	49415487
49416195	49416362
49416793	49416937
49418030	49418152
49420308	49420411
49421793	49421937
49422171	49422235
49422408	49422674
49461736	49461846
49468200	49468598
49679931	49680121
49682790	49682953
49683871	49684025
49701362	49701439
49803076	49803181
49817176	49818216
49821310	49821464
49824110	49824274
50817519	50817661
50817862	50818039
50818435	50818810
50821947	50822107
50827906	50828090
50837731	50837825
50840805	50840932
50841579	50841654
50845029	50845140
50851610	50851780
50852209	50852289
50860058	50861550
50902344	50902444
50905335	50905419
50906991	50907159
50917212	50917264
50917808	50917954
50919883	50920053
50938842	50939183
50944782	50945402
50950087	50950155
50953297	50953380
50960547	50960632
50961990	50962042
50962123	50962176
50971503	50971645
50972346	50972460
50975587	50975648
50977038	50977245
50977697	50977862
50981126	50981266
50984279	50984395
50985498	50985543
50987216	50987322
50990071	50990198
50991479	50991747
50993335	50993449
50994474	50994757
50998663	50998764
51000727	51000879
51004742	51007507
51416442	51416469
51422736	51422867
51424195	51424276
51427879	51427922
51429026	51429150
51430481	51430547
51430646	51430700
51430968	51431124
51431989	51432059
51432862	51432984
51434159	51434246
51434615	51434656
51440663	51440668
51519014	51519083
51522996	51523078
51525009	51525142
51527585	51527702
51535257	51535424
51542362	51542442
51545277	51545435
51555458	51555691
51559254	51559797
51561020	51561141
51563768	51563924
51565987	51566042
51572319	51572380
51573354	51573450
51575799	51575871
51579458	51579469
51579692	51579884
51581659	51581775
51590353	51590484
51590987	51591175
51592240	51592327
51593213	51593333
51594008	51594257
51594939	51595066
51595544	51595683
51595890	51595942
51596658	51596858
51597472	51597568
51608944	51609112
51617576	51617636
51774782	51774865
51779874	51779969
51780765	51781039
51781859	51781942
51782580	51782726
51786079	51786175
51789200	51789363
51790174	51790304
51790995	51791155
51791428	51791520
51792411	51792662
51792997	51793157
51815152	51815197
51834257	51834302
51835476	51835599
51835816	51835893
51853591	51853639
51872452	51872515
52056606	52056665
52059024	52059037
52059374	52059510
52060848	52060979
52062503	52062624
52064656	52064784
52066164	52066277
52067573	52067735
52069920	52070070
52070864	52071005
52071780	52071880
52074822	52074919
52075452	52075634
52075990	52076133
52077983	52078109
52081042	52081183
52083546	52083614
52380772	52380802
52381529	52381629
52385753	52385932
53246038	53246138
53247747	53247762
53265928	53266023
53266226	53266336
53268110	53268194
53276741	53276886
53279955	53280136
53282895	53283024
53286198	53286290
53287382	53287635
53291080	53291242
53298316	53298462
53301757	53301881
53304123	53311520
53324758	53324890
53326202	53326353
53329854	53329962
53331714	53331865
53336114	53336233
53724412	53724686
53725001	53725013
53725178	53725184
53726025	53726051
53734108	53734211
53739828	53739868
53742125	53742222
53750326	53750489
53756991	53757193
53758397	53758484
53761018	53761059
53762920	53763039
53764788	53764847
53767556	53767624
53768325	53768471
53770024	53770148
53772552	53772760
53774789	53775087
53803064	53803169
53805492	53805501
53805698	53805723
53807232	53807326
53807728	53807778
53814360	53814413
53826689	53826725
53827393	53827562
53835182	53835255
53836396	53836467
53839356	53839417
53842687	53842775
53848011	53848377
53856275	53856468
53860288	53864086
53864109	53866190
54242222	54242414
54246133	54246186
54253344	54253435
54253549	54253646
54263573	54263589
54265640	54265794
54265957	54266008
54270572	54270696
54270976	54271016
54271268	54271325
54272265	54272370
54272681	54272739
54286311	54286438
54289112	54289175
54298969	54299055
54301115	54301332
54302978	54303067
54304841	54304855
54304964	54305198
54308238	54308359
54310055	54310234
54313109	54313161
54314344	54314462
54316692	54316771
54317987	54318145
54321650	54321813
54322733	54322850
54324629	54324765
54325361	54326637
54329939	54330669
54330973	54331063
54332263	54332424
54333644	54333891
54401476	54401523
54438412	54438424
54704522	54704728
54705763	54705903
54710369	54710536
54711278	54711439
54712583	54712777
54716228	54716401
54718196	54718387
54722588	54722719
54723442	54723548
54724608	54724752
54725566	54725697
54725858	54726013
54728313	54728414
54730085	54730204
54731729	54731867
54736650	54736755
54737675	54737807
54738183	54738365
54739192	54739341
54740845	54741021
54741643	54741798
54744510	54744665
54745390	54745560
54746151	54746284
54747600	54747897
54749153	54749335
54750329	54750475
54751501	54751655
54751957	54752108
54755435	54755448
54755880	54755974
54756939	54757173
54757859	54758053
54759545	54759571
54759871	54759996
54760728	54760931
54762811	54762969
54763442	54763608
54770395	54770557
54774239	54774426
54776049	54776199
54779425	54779607
54780014	54780151
54780914	54781105
54782000	54782330
54783174	54783242
54785185	54785327
54786189	54786315
54787465	54787676
54789147	54789347
54789691	54789819
54790176	54790388
54791367	54791456
54793261	54793319
54799332	54799568
54800094	54800361
55051101	55051618
55054750	55054867
55058144	55058173
55058405	55058480
55058828	55058867
55061772	55061872
55062731	55062837
55064821	55064885
55065744	55065820
55066932	55067052
55067753	55067869
55071543	55071788
55073135	55073176
55074134	55074253
55074523	55074657
55077462	55077500
55078515	55078628
55079540	55079724
55081711	55083063
55085388	55085442
55089110	55089289
55663434	55663522
55665813	55665913
55667037	55667106
55673279	55673445
55675941	55676082
55678164	55678289
55678988	55679197
55684559	55684660
55684934	55685378
55685415	55686530
55731882	55732030
55735000	55735420
55735683	55735760
55736691	55736868
55738460	55738595
55739483	55739634
55741471	55741593
55742833	55743913
55745572	55745619
55748903	55749352
55751442	55751592
55753419	55754944
55759561	55760143
55760823	55761005
55761243	55761349
55762309	55766467
55773762	55773936
55774635	55774792
55775562	55775745
55777300	55777421
55778823	55778928
55779231	55779389
55780505	55780631
55782117	55782251
55782532	55782652
55786278	55786618
55847589	55847658
55853405	55853614
55854001	55854099
55855912	55856026
55857128	55857315
55857971	55858078
55860271	55860459
55861233	55863599
55865336	55865457
55867214	55867325
55868306	55868689
55873324	55873389
55875261	55875422
55877387	55877617
55878003	55878111
55885790	55885869
55887616	55887645
55889947	55890108
55890802	55890924
55892332	55892421
55894882	55894982
56084057	56084174
56085327	56085508
56086615	56086732
56087499	56087642
56088708	56088830
56089518	56089672
56091735	56091845
56092417	56092668
56102969	56103101
56103192	56103221
56103464	56103644
56105100	56105289
56105595	56105666
56108062	56108149
56108637	56108670
56108796	56108919
56109547	56109635
56109896	56110002
56111356	56111435
56112434	56112571
56113165	56113234
56113487	56113572
56113794	56113849
56114918	56114982
56115777	56115830
56116046	56116088
56116629	56116728
56117179	56117354
56117520	56117616
56162381	56162522
56167823	56167947
56169582	56169680
56170052	56170181
56171213	56171333
56172438	56172555
56174623	56174785
56174938	56175118
56175854	56175957
56176245	56176409
56177087	56177227
56177581	56177733
56178642	56178773
56179167	56179314
56180674	56180851
56181409	56181524
56181901	56182063
56183583	56183762
56184789	56184890
56185742	56185843
56186508	56186682
56187988	56188155
56188718	56188861
56190140	56190318
56190677	56190764
56192157	56192363
56192725	56192855
56193537	56193634
56194474	56194610
56195205	56195395
56195960	56196086
56196459	56196581
56197570	56197832
56199429	56199641
56200575	56200724
56201740	56201901
56202386	56202587
56202975	56203121
56203254	56203488
56204459	56204595
56205114	56205228
56206081	56206227
56206650	56206834
56207207	56207393
56208167	56208322
56208923	56208992
56209412	56211091
56212879	56214010
56216142	56216245
56217192	56217346
56219460	56219628
56220573	56220687
56220805	56220911
56221028	56221242
56221511	56221619
56221995	56222107
56223165	56223264
56230645	56230699
56251152	56251565
56252599	56252691
56261668	56261771
56262164	56262318
56264820	56264985
56265979	56266096
56271583	56271680
56271817	56272031
56274497	56274605
56274851	56274963
56276195	56276249
56281238	56281244
56318764	56318809
56323049	56323170
56329402	56330012
56330559	56330719
56331016	56331229
56332095	56332284
56333773	56333868
56335364	56335549
56336510	56336650
56337617	56337749
56338774	56338897
56341074	56341303
56342319	56342422
56343219	56343337
56346459	56346589
56347888	56348028
56349904	56350106
56357760	56357877
56357911	56358004
56358307	56358337
56362749	56362763
56365828	56365926
56366917	56367002
56369411	56369459
56373100	56373207
56373454	56373534
56375449	56375589
56376085	56376138
56506700	56506763
56508581	56508718
56510876	56511070
56512603	56513138
56521768	56521831
56536215	56536284
56544429	56544685
56545160	56545325
56546352	56546469
56549084	56549230
56549856	56549930
56550691	56550808
56550992	56551060
56554318	56554422
56556427	56556517
56558122	56558230
56558844	56558944
56559852	56559996
56560983	56561198
56561429	56561493
56561945	56562065
56563785	56563859
56564075	56564212
56568231	56568378
56568801	56568956
56570685	56570834
56571491	56571747
56572584	56572745
56574149	56574574
56576722	56576744
56598091	56598097
56923062	56923446
56923547	56923622
56924059	56924134
56924580	56924684
56925119	56925202
56927786	56929018
57490988	57491125
57492192	57492287
57493963	57494036
57494808	57494955
57497733	57497889
57499351	57499487
57500976	57501077
57501987	57502078
57503133	57503228
57503813	57503887
57505589	57505682
57505780	57505826
57506636	57507157
57507926	57507982
57508067	57508249
57508302	57508356
57512685	57512926
57513031	57513161
57514958	57515150
57516577	57516868
57518011	57518384
57530974	57531271
57531860	57532151
57533320	57533693
57533849	57534019
57535292	57535700
57535730	57535947
57586893	57586969
57588532	57588622
57590253	57590390
57591036	57591088
57591761	57591851
57592464	57592536
57593284	57593366
57595942	57597356
57648107	57648286
57650581	57650683
57653372	57653538
57654932	57655123
57657784	57657843
57659507	57659649
57662088	57662256
57664958	57665122
57864845	57865096
57865318	57865529
57865854	57866147
57998132	57998211
58000555	58000642
58001433	58001557
58001698	58001809
58002612	58002710
58003365	58003466
58004407	58004476
58006082	58006194
58007373	58007468
58014507	58014707
58016100	58016243
58017517	58017662
58018236	58018481
58018661	58018803
58019334	58019508
58021227	58021390
58022479	58022591
58023084	58023289
58024220	58024400
58025912	58026082
58027317	58027533
58028328	58028557
58029661	58029782
58030762	58030834
58031967	58032181
58032706	58032826
58033490	58033621
58034315	58034476
58039538	58039614
58040979	58041117
58237159	58237178
58245160	58245203
58283789	58284261
58285277	58285489
58298352	58298456
58302910	58302952
58310347	58310399
58312346	58312498
58312887	58312984
58317432	58317604
58319115	58319296
58321332	58321457
58326472	58326618
58327425	58327435
58328880	58328898
58331330	58331344
58332171	58332731
58334566	58334688
58335155	58335253
58337341	58337421
58386382	58386396
58584307	58584496
58588331	58588432
58596608	58596793
58597067	58597151
58604087	58604254
58608348	58608428
58610376	58610449
58610571	58610630
58612867	58613050
58616490	58616693
58617062	58617233
58618846	58618928
58619169	58619454
58660760	58660863
58773470	58773598
58778660	58778805
58782303	58782393
58785641	58785748
58794246	58794377
58796634	58796644
58797328	58797527
58799777	58800012
58802734	58802806
58808717	58808886
58811111	58811276
58813927	58814018
58816294	58816371
58819112	58819271
58821886	58821968
58823228	58823434
58824223	58824369
58829796	58829920
58831129	58831190
58833765	58833832
58834045	58834096
58834518	58834591
58835037	58835243
59699573	59699663
59705228	59705275
59713030	59713188
59720985	59721443
59724119	59724171
59724208	59725166
59730906	59730984
59818667	59818864
59822244	59822402
59823359	59823376
59837465	59837514
59838981	59839067
59841305	59841380
59843293	59843364
59843951	59845126
59847564	59847650
59853482	59853588
59857597	59857792
59860480	59860821
59861163	59861242
59862441	59863812
59865613	59870533
59870554	59871764
59914769	59914781
59921264	59921485
59926306	59926452
59931261	59931313
59935476	59935564
59952780	59953128
60417966	60418667
60420485	60420758
60466928	60467242
60469539	60469665
60469987	60474590
60771020	60771078
60771977	60772079
60774105	60774173
60777839	60777977
60779163	60779194
60803972	60804015
60812724	60812806
60816392	60816470
60822543	60822576
60831018	60831220
60836394	60836490
62042242	62042263
62043222	62043583
62047071	62047232
62048699	62048892
62051705	62051784
62051973	62052110
62053514	62053683
62053783	62053873
62055166	62055307
62055426	62055656
62057410	62058964
62532215	62532223
62533672	62533826
62537463	62537624
62538787	62538964
62539585	62539656
62540816	62540941
62541825	62541903
62542060	62542160
62542247	62542308
62542799	62542943
62545512	62545587
62545880	62546017
62547388	62547480
62547730	62547872
62548590	62548714
62549661	62549862
62557490	62557597
62558196	62558312
62561790	62561878
62572076	62572198
62573484	62573592
62574401	62574494
62577684	62577736
62583084	62583239
62584622	62584827
62585518	62585524
62586479	62586541
63376984	63377131
63377181	63377225
63385444	63385505
63392176	63393030
63396137	63396272
63399269	63399450
63400119	63400316
63403496	63403573
63407388	63407549
63409290	63409415
63409607	63409753
63432994	63433098
63444416	63444614
63448360	63448676
63450321	63450402
63451357	63451557
63453753	63453878
63455095	63455214
63472429	63472481
63476514	63476600
63477286	63477350
63477677	63477883
63480097	63480299
63481329	63481532
63483023	63483105
63487703	63487851
63489918	63491423
63504427	63504472
63648906	63649034
63651112	63651288
63652927	63653079
63653351	63653505
63655031	63655148
63655473	63655523
63659147	63659254
63659647	63659860
63660962	63662262
63662856	63665209
63665238	63666262
64006430	64006687
64009263	64009394
64012715	64012876
64013496	64013606
64042176	64042340
64044596	64044619
64048404	64048559
64049812	64049907
64050674	64050838
64051543	64051723
64052235	64055632
64110976	64111050
64113421	64113492
64124553	64124649
64130539	64130623
64132318	64132371
64135066	64135092
64137866	64137900
64138519	64138667
64139827	64139965
64140450	64140651
64141325	64141401
64143527	64143649
64144610	64144794
64145888	64145985
64146514	64147025
64147627	64147839
64148689	64148799
64149298	64149479
64150436	64150627
64154801	64154901
64156869	64157080
64157470	64157627
64158016	64158178
64158951	64159213
64160018	64160081
64160660	64160862
64161343	64161554
64161960	64162246
64163148	64163324
64165152	64165369
64165792	64165933
64169926	64170158
64170976	64171152
64172159	64172333
64172807	64172924
64175009	64175196
64175816	64175908
64176259	64176394
64176809	64176971
64177240	64177304
64179993	64180122
64180909	64181006
64181634	64181837
64182954	64183088
64188179	64188342
64198328	64198621
64349762	64349890
64359156	64359280
64365579	64365797
64367427	64367730
64368610	64368648
64369547	64370374
64372633	64372845
64374308	64374431
64375775	64376101
64376420	64376868
64381894	64381897
64381989	64382100
64385084	64385192
64385387	64387820
64408141	64408257
64409183	64409292
64410044	64410212
64411671	64411859
64412172	64412340
64412965	64413116
64413454	64413674
64421935	64421979
64660531	64660961
64682539	64682660
64688973	64689133
64689752	64689920
64699362	64699520
64703252	64703433
64705328	64705493
64707377	64707570
65403970	65404011
65405146	65405208
65410636	65410716
65413656	65413699
65415125	65417672
65466648	65466772
65467107	65467224
65467992	65468066
65468372	65468510
65470267	65470408
65474667	65474759
65474858	65474966
65476402	65476542
65478399	65478507
65480601	65480731
65481614	65481769
65482469	65482526
65510316	65510352
66346745	66346796
66348745	66348821
66349489	66349590
66359239	66359363
66363418	66363477
66368039	66368253
66372184	66372279
66374135	66374286
66374429	66374539
66377191	66377302
66379248	66379415
66380167	66380360
66382075	66382191
66383771	66383919
66385911	66386052
66387113	66387209
66387970	66388086
66388733	66388918
66393792	66393931
66395130	66395303
66396350	66396492
66396853	66397015
66399050	66399183
66400346	66400517
66402536	66402667
66403675	66403817
66407184	66407319
66408458	66408595
66410112	66410245
66412173	66412337
66413078	66413231
66413936	66414126
66415640	66415829
66416664	66416819
66417639	66417798
66418795	66418925
66421656	66421749
66422718	66422837
66424272	66425268
66432625	66432721
66433279	66433394
66434399	66434520
66435810	66435997
66436807	66436982
66437783	66437914
66439439	66439579
66440476	66440650
66441688	66442881
66612644	66612893
66613423	66613519
66619388	66619491
66623685	66623834
66626284	66626439
66631953	66632029
66636362	66636709
66660762	66660775
66660793	66661041
66668237	66668322
66668565	66669314
66672375	66672564
66674798	66674973
66676393	66676481
66678193	66678261
66680539	66680655
66686497	66686628
66687254	66687319
66687369	66687593
66722100	66722194
66723246	66723279
66756578	66756616
66758877	66758910
66764717	66764906
66766284	66766358
66767800	66767960
66771928	66772024
66777474	66777568
66778150	66778254
66779222	66779306
66779392	66779540
66779829	66779957
66782462	66782699
66785804	66785940
66788395	66792586
66792961	66793937
66794516	66794598
66795635	66795760
66797317	66797509
66799866	66799977
66808800	66808915
66813876	66813994
66814625	66814743
66815681	66815822
66819666	66819910
66820907	66821015
66821878	66822084
66822726	66822835
66823855	66823969
66825374	66825511
66826324	66826514
66827572	66827818
66829234	66829443
66831795	66832964
67023696	67023831
67025973	67026049
67036719	67036795
67038509	67038584
67066313	67066423
67076590	67076730
67078558	67078564
67079565	67079696
67101379	67101425
67105685	67105742
67106975	67107106
67123240	67123383
67123646	67123715
67124897	67124969
67128604	67128701
67130159	67130237
67135461	67135556
67139072	67139083
67172825	67172859
67184864	67185045
67186130	67186176
67188810	67188856
67188962	67189438
67191985	67192102
67194017	67194566
67196448	67196575
67196975	67197084
67197588	67197687
67202696	67204430
67204464	67205685
67210156	67210476
67214811	67214982
67215171	67215279
67216071	67216247
67218774	67219295
67226683	67226768
67228020	67228186
67228752	67228787
67375313	67375408
67384818	67384854
67395779	67395913
67405033	67405186
67405878	67405995
67406785	67406957
67408946	67409125
67410443	67410565
67411349	67411391
67513817	67513946
67516344	67516407
67518732	67518778
67518863	67518959
67522793	67522905
67524572	67524790
67525506	67525631
67527742	67527816
67531727	67531866
67531947	67532127
67532545	67532686
67534599	67534732
67535447	67535603
67538120	67538228
67538637	67538701
67548657	67548863
67549806	67549954
67550917	67551129
67551717	67551971
67555440	67555558
67556792	67557011
67558438	67558500
67559295	67559501
67559799	67560020
67562711	67562924
67563740	67563941
67565107	67565253
67566523	67566743
67567919	67568115
67568622	67568791
67569522	67569620
67569702	67569808
67570407	67570517
67570624	67570667
67577715	67578724
67579136	67579303
67580503	67580586
67581291	67581374
67583628	67583709
67584593	67586588
67791729	67791794
67792668	67792868
67793758	67793940
67795099	67795341
67796580	67796727
67797569	67797681
67797915	67798105
67798337	67798481
67800067	67801191
68132181	68132282
68143247	68143342
68143712	68143836
68147681	68147741
68219387	68219506
68220386	68220483
68221457	68221621
68222361	68222526
68222832	68224267
68224316	68225558
68253318	68253356
68253780	68253846
68265258	68265357
68266152	68266266
68269785	68269897
68272194	68272255
68276672	68276730
68277463	68277513
68279994	68280102
68282528	68282622
68285245	68285377
68286547	68286639
68291493	68291647
68293332	68293479
68295230	68295312
68296895	68296954
68297179	68297337
68298217	68298375
68299192	68299293
68303149	68303247
68304104	68304208
68304778	68305906
68342711	68342765
68351371	68351500
68354011	68354211
68357389	68357579
68623731	68623765
68624788	68624986
68627194	68627211
68630467	68630484
68641220	68641294
68649725	68649898
68652000	68652131
68664659	68667440
68688827	68689045
68693970	68696234
68724865	68725014
68726383	68726598
68727477	68727935
68729335	68729505
68730045	68730252
68730619	68730763
68932265	68932462
68935979	68936079
68940098	68940218
68943158	68943342
68946706	68946814
68949490	68949581
68951135	68951239
68953580	68953616
68953980	68954042
68957366	68957525
68959348	68959490
68965490	68965605
68966421	68966507
68967106	68967290
68968018	68968081
68969235	68970674
68977607	68977643
68977771	68977931
68978918	68979175
68979860	68980708
68980814	68981250
68981283	68981391
68982041	68982082
68982162	68982221
69006450	69006476
69008348	69008464
69011382	69011496
69017722	69017874
69024020	69024139
69028249	69028419
69030833	69031167
69033326	69033561
69075915	69075951
69747911	69747982
69748193	69748304
69749913	69750031
69750576	69750710
69751458	69751639
69752405	69752756
69792390	69792426
69792473	69792569
69797415	69797506
69810412	69810504
69812148	69812211
69813683	69813846
69815112	69815309
69815624	69815720
69817369	69817511
69818739	69818802
69820950	69821087
69821178	69821263
69822290	69822552
69823254	69823403
69823629	69823769
69824560	69824647
69825274	69825413
69826300	69826380
69828116	69828252
69829398	69829843
69831041	69831162
69832892	69833067
69833346	69833490
69833891	69834096
69834914	69834978
69835653	69835819
69836099	69836144
69836330	69836451
69837241	69837337
69838166	69838348
69843142	69846773
69873757	69873899
69874576	69874843
69876084	69876296
69877026	69877206
69877985	69878168
69878990	69879110
69880888	69881026
69881537	69882715
69944303	69947087
69955963	69956083
69959268	69961742
69970618	69970700
69972495	69974364
69975810	69975864
69977708	69978306
70055773	70055825
70060421	70060574
70062888	70062924
70063725	70063771
70067444	70067598
70070132	70070275
70072320	70072422
70072938	70073046
70074219	70074335
70075357	70075432
70077203	70077301
70078189	70078300
70078731	70078846
70079632	70079806
70080579	70080667
70081436	70081595
70082536	70082626
70088442	70088753
70092392	70092524
70094443	70094629
70095300	70095485
70096132	70096267
70096579	70096760
70099332	70099491
70102604	70102693
70106762	70106899
70106952	70106997
70108082	70108283
71791056	71791757
71793089	71793127
71795729	71795844
71796705	71796850
71797862	71798015
71798202	71798357
71799313	71799437
71799625	71799710
71800442	71800661
71801448	71801675
71801846	71801903
71802262	71802306
71803778	71803989
71804353	71804590
71805130	71805306
71805604	71805795
71806556	71806723
71807926	71808137
71808661	71808843
71809053	71809174
71809750	71809960
71811196	71811371
71811501	71811688
71811951	71812096
71813777	71814153
71815070	71822650
71823103	71823217
71824073	71824256
71825300	71828134
72130283	72130448
72138039	72138227
72140562	72140856
72142765	72142984
72145446	72145553
72147909	72147972
72157104	72157202
72431533	72431624
72431653	72431710
72454376	72454444
72460094	72460199
72460482	72460669
72461291	72461463
72464458	72464728
72465022	72465115
72466972	72467094
72467993	72468132
72469786	72469924
72476880	72477023
72478033	72478314
72483010	72483246
72489444	72489711
72490257	72490386
72491941	72492069
72492337	72492474
72494151	72494276
72494809	72494898
72496666	72496815
72497553	72500479
72527107	72527145
72533188	72533269
72534302	72534795
72534974	72535103
72535627	72536009
72536032	72537947
72635521	72635595
72640731	72640790
72641974	72642064
72644425	72644493
72646356	72646571
72647478	72647552
72649119	72649217
72655795	72655898
72656605	72656724
72658004	72658133
72665878	72665894
72670845	72670873
72673075	72673082
72675056	72675069
72675600	72675720
72677813	72677889
72677983	72678105
72679272	72679367
72680741	72680839
72681372	72682150
72686117	72686198
72686231	72686800
72689660	72689782
72690203	72690325
72690868	72690990
72696240	72696331
72698532	72699058
72705591	72705660
72706986	72707078
72708144	72708272
72708488	72708621
72715271	72715456
72718071	72718131
72726363	72726507
72727775	72727844
72728595	72728648
72730428	72730516
72732466	72732676
72733250	72733330
72733456	72733592
72735835	72736038
72738265	72738411
72739561	72739693
72740352	72740462
72741900	72742064
72743041	72743181
72743953	72744109
72744718	72744958
72745907	72746635
73075133	73075313
73075448	73075507
73080844	73081536
73082081	73083326
73522631	73522760
73523244	73523366
73524025	73524209
73525208	73525504
73836539	73836544
73840208	73840322
73841589	73841716
73842386	73842529
73843118	73843198
73843748	73844081
73844173	73844396
73845140	73845293
73845368	73845576
73845664	73845781
73845929	73846134
73846564	73846681
73847227	73847396
73848167	73848240
73848319	73848446
73849237	73849426
73849846	73849987
73850550	73850678
73854447	73854580
73857899	73857944
73858920	73859101
73859195	73859315
73897070	73897166
73901924	73902072
73903949	73904066
73905998	73906103
73909629	73909765
73910325	73910386
73911246	73911326
73913974	73914063
73914245	73914364
73914452	73914547
73915676	73915822
73916191	73916279
73916813	73916977
73917696	73917874
73918936	73919137
73919255	73919369
73920687	73920847
73921843	73921978
73922920	73923000
73923629	73923799
73925937	73926074
73926815	73926960
73927626	73927751
73928406	73928511
73930294	73930446
73932136	73932233
73933492	73933608
73934254	73934300
73934620	73934693
73934714	73936288
73936327	73940151
74029706	74029744
74030225	74030363
74043339	74043469
74043541	74043954
74044109	74044274
74045316	74045335
74045353	74049301
74050835	74050927
74053549	74053619
74488832	74488862
74496965	74497074
74498899	74498912
74499167	74499246
74506764	74506885
74507823	74507928
74508948	74509084
74509169	74509246
74509522	74509638
74509733	74509812
74511305	74511431
74515067	74515188
74516567	74516774
74517498	74517631
74519221	74519349
74521049	74521169
74526363	74526434
74527394	74527440
74528767	74528812
74528905	74529060
76861168	76861216
76862706	76862922
76863223	76863335
76864375	76864484
76865546	76865697
76866408	76867775
76868945	76869910
76889011	76889068
76890099	76890134
76899863	76899900
76923383	76923464
76933734	76933834
76939964	76940101
76942688	76942948
76948560	76948704
76951080	76951218
76952869	76952960
76953764	76953923
76954514	76954577
76955967	76956032
76956331	76956410
76956807	76956855
76957592	76957727
76957856	76957947
76958196	76958442
76958762	76958868
76959527	76959686
76960350	76960510
76960907	76961091
76962247	76962316
76963636	76963739
76963856	76964042
76964386	76964479
76964593	76964687
76965350	76965529
76965741	76965909
76966291	76966467
76968844	76968914
76969879	76969967
76970724	76970802
76971005	76971266
76971879	76972092
76975359	76975452
77245746	77245785
77247807	77247948
77248770	77248827
77249457	77249583
77250076	77250182
77251550	77251683
77252091	77252205
77253096	77253236
77254417	77254501
77254591	77254663
77255667	77255825
77258397	77258493
77259224	77260823
77286334	77286432
77287200	77287277
77288050	77288082
77289102	77289139
77291957	77292093
77292822	77292887
77294594	77294654
77296875	77297024
77299386	77299452
77317555	77317775
77320090	77320216
77321192	77321271
77321447	77321545
77322132	77322221
77323894	77324067
77324449	77324696
77333541	77335686
77335709	77337614
77412675	77412823
77412990	77413163
77413332	77413504
77413798	77413932
77414087	77414168
77414499	77414582
77415860	77416022
77416111	77416223
77416496	77416710
77418928	77419063
77420581	77420595
78010697	78010820
78013148	78013311
78013680	78013775
78046442	78046511
78051133	78051229
78052745	78052877
78054293	78054426
78055319	78055407
78057406	78057574
78058137	78058267
78059888	78059977
78061012	78061125
78061652	78061778
78062333	78062421
78064303	78064455
78065247	78065446
78066484	78066587
78067262	78067396
78068315	78068445
78069460	78069538
78070685	78070773
78073062	78073097
78073266	78073475
78087702	78087795
78096502	78096621
78102932	78103036
78103874	78103971
78104898	78104962
78106055	78106191
78107401	78107493
78110307	78110456
78194519	78194713
78313665	78313752
78318275	78318370
78322298	78322353
78329360	78329414
78330174	78330357
78336075	78336267
78338591	78338694
78339027	78339091
78343809	78343941
78346377	78346528
78347039	78353439
78364596	78364703
78368798	78368896
78370303	78370401
78371815	78371913
78372860	78372961
78373391	78373489
78374380	78374577
78376439	78376537
78378830	78378928
78379599	78379697
78380647	78380824
78381343	78381507
78382864	78383043
78383394	78383559
78384439	78384590
78386943	78387232
78390930	78391070
78391702	78391945
78392113	78392201
78393186	78393330
78394919	78395085
79296596	79296604
79297475	79297620
79298790	79299023
79300586	79300610
79310553	79310630
80600986	80601189
80601739	80601838
80602116	80602170
80603242	80603326
80604812	80604936
80606992	80607075
80610430	80610480
80612004	80612183
80613872	80614003
80621488	80621591
80639064	80639119
80657943	80657985
80660034	80660057
80669889	80669916
80670633	80670750
80677657	80677791
80683921	80684004
80687653	80687712
80689199	80689331
80693482	80693510
80715584	80715657
80721993	80722092
80726794	80726919
80731199	80731327
80735247	80735410
80736647	80736814
80736904	80736927
80750470	80750480
80791986	80792008
81056481	81056547
81066042	81066085
81081164	81081265
81096881	81096903
81112167	81112263
81114978	81115027
81124349	81124409
81132161	81132275
81139455	81139479
81161454	81161492
81174493	81174510
81183735	81183819
81184185	81184279
81204786	81204848
81222626	81222716
81222899	81222932
81223234	81223296
81231853	81231892
81235908	81235918
81248804	81249177
81270610	81271587
81276159	81276293
81278806	81278896
81281153	81281260
81284411	81284622
81290529	81290776
81293031	81293267
81294943	81295064
81295427	81295567
81295757	81295817
81391228	81391298
81392949	81393020
81399272	81399343
81406691	81406762
81407341	81407412
81407902	81408071
81409416	81409533
81411602	81411771
81412685	81412957
81414236	81414352
81415555	81415713
81418770	81418882
81419880	81420036
81423576	81423684
81424115	81424272
81428700	81430203
81431055	81431189
81432317	81432525
81440615	81440735
81443222	81443354
81444253	81444366
81445013	81445205
82206377	82206475
82207108	82207162
82208033	82208126
82208219	82208304
82217483	82217534
82217564	82217572
82266884	82266925
82377111	82377445
82379777	82379830
82379941	82380021
82382416	82382453
82396898	82396930
82414234	82414281
82414352	82414414
82419284	82419355
82420690	82420771
82422184	82422267
82423342	82423422
82425300	82425410
82426412	82426525
82427031	82427095
82429645	82429757
82432866	82432994
82433723	82433867
82434534	82434606
82435344	82435400
82444987	82445029
82462519	82462686
82465917	82466046
82659647	82659651
82660833	82660976
82667512	82667621
82668942	82668991
82671925	82672017
82675465	82675549
82676281	82676465
82678365	82678547
82680755	82680898
82687549	82688901
83004839	83004853
83013764	83013782
83028525	83028549
83045892	83046031
83080394	83080426
83082485	83082526
83087755	83087840
83097177	83097212
83106748	83106836
83107136	83107209
83154111	83154210
83155932	83156070
83165308	83165340
83168383	83168420
83178693	83178765
83179262	83179368
83193884	83193893
83196842	83196923
83212802	83212985
83225060	83225082
83227408	83228477
83229565	83229633
83244161	83244372
83259643	83259790
83262920	83263139
83266308	83266494
83268443	83268461
83268992	83269158
83272266	83272303
83280663	83281012
83291050	83291135
83292363	83292778
83300880	83300965
83305270	83305422
83307768	83307986
83346870	83347457
83347858	83348143
83348746	83348874
83352993	83353008
83354812	83355190
83382268	83382325
83389399	83389569
83391673	83391969
83392879	83392942
83394111	83394190
83395355	83395411
83397986	83398149
83401275	83401391
83402552	83402666
83405128	83405243
83408906	83408983
83409208	83409387
83410657	83410773
83412532	83412624
83413983	83414153
83416051	83416196
83418502	83418677
83419907	83420055
83420499	83420563
83420758	83420791
83421844	83421962
83423513	83423664
83424409	83424500
83425400	83425633
83542368	83542474
83543484	83543603
83545237	83545375
83545552	83545709
83546564	83546656
83556699	83556787
83557197	83557361
83562457	83562618
83564539	83564680
83566304	83566503
83567202	83567255
83569777	83569904
83572843	83573026
83575019	83575193
83576528	83576649
83578831	83579018
83581490	83581616
83584629	83584807
83585003	83585117
83585697	83585853
83585946	83586052
83587704	83587748
83588226	83588362
83593125	83593269
83593390	83593449
83594892	83594959
83598684	83598797
83600128	83600215
83603271	83603309
83603986	83604091
83606663	83606826
83607154	83607190
83607312	83607334
83608267	83608322
83610104	83610777
85784958	85785049
85787345	85787463
85792332	85792416
85792953	85793073
85793353	85793493
85794360	85794455
85796616	85797617
85802849	85802961
85804861	85804863
86022034	86022123
86023742	86023841
86027250	86027337
86028338	86029231
86118759	86118836
86119845	86120003
86120429	86120486
86121994	86122090
86125122	86125252
86126446	86126560
86127071	86127189
86127455	86127545
86128558	86128653
86129362	86129455
86130168	86130322
86131363	86132769
86318834	86319046
86325528	86325584
86327244	86327356
86328332	86329022
86330404	86330503
86331301	86331474
86332017	86332114
86332854	86333034
86333368	86333491
86335232	86335350
86335488	86335701
86409071	86409126
86410803	86410866
86411615	86411689
86413369	86413513
86416108	86416226
86417219	86417302
86426196	86426232
86426243	86426297
86427255	86427427
86428954	86429090
86430875	86431015
86431134	86431206
86431339	86431442
86440069	86440272
86442404	86442640
86443363	86443452
86444130	86444207
86445952	86446110
86509223	86509381
86511345	86511713
86517619	86519247
86524664	86524735
86533240	86533305
86533388	86533471
86533567	86533626
86535280	86535324
86537783	86537827
86543538	86543727
86577944	86578313
86583037	86583100
86584220	86584309
86586457	86586571
86592102	86592225
86593928	86594078
86599496	86599676
86600109	86600154
86604598	86604701
86743282	86743725
86756643	86756681
86774566	86774730
86783207	86783331
86785426	86787781
86881084	86881263
86882703	86882946
86890307	86890422
86895041	86895261
86896687	86896808
86897900	86898100
86899316	86901032
86904772	86904783
86910496	86910586
86915955	86916362
86928362	86928443
87008667	87008697
87628706	87628935
87629037	87629182
87629667	87629765
87630124	87630301
87631729	87631946
87633241	87633433
87635250	87635363
87638196	87638434
87645956	87646223
87646462	87646545
87650445	87650528
87651633	87651758
87653019	87653130
87653696	87653846
87655176	87655242
87656640	87656793
87658727	87658874
87659401	87660105
87660187	87661052
87662078	87662212
87665228	87665358
87666490	87666676
87674466	87674537
87677994	87678082
87691476	87691637
87692560	87692957
87745983	87746171
87747512	87747579
87749335	87749558
87753026	87753108
87754282	87754422
87754876	87755028
87756756	87756952
87757788	87758005
87771115	87771157
87809151	87809157
87825627	87825780
87830594	87830616
87831004	87831113
87836733	87836836
87836971	87837059
87837247	87837252
87841724	87841799
87844924	87845173
87850859	87850968
87851729	87851830
87867593	87867728
87874211	87874282
87888562	87888726
87905248	87905316
87932091	87932191
87961503	87961569
87989805	87989928
87992817	87992980
88323873	88323894
88332990	88333133
88333841	88333975
88337639	88337710
88341393	88341466
88379001	88379105
88379739	88379812
88380434	88380539
88383407	88383490
88384800	88384897
88385982	88386037
88387566	88387649
88391068	88391144
88392604	88392759
88394217	88394323
88394945	88395012
88396904	88396962
88400344	88400420
88401719	88401843
88403079	88403146
88403246	88403355
88404339	88404434
88406665	88406739
88407655	88407718
88409059	88409202
88475785	88475928
88489161	88489956
88493034	88493101
88555671	88555749
88564289	88564401
88566846	88566946
88567124	88567296
88568242	88568426
88569889	88570295
88859157	88859320
88860191	88860309
88860615	88860722
88862468	88862581
88862667	88862843
88867835	88867970
88868683	88868888
88873866	88874015
88875352	88875473
88878561	88879795
88882981	88883059
88884336	88884463
88898612	88898699
88898782	88898902
88899734	88899807
88911195	88911282
88914910	88914994
88917219	88917375
88917651	88917726
88918556	88918600
88918683	88918763
88918908	88919022
88919414	88919569
88919859	88919983
88921039	88921097
88924647	88924673
88928317	88928449
88929102	88929303
88930256	88930339
88930476	88930576
88930864	88930975
88932736	88932776
88932944	88933063
88937276	88937399
88937948	88938112
88939146	88939241
88939943	88940034
88940188	88940244
88944635	88944772
89227589	89227674
89229183	89229284
89232304	89232475
89238847	89239014
89240204	89240268
89243878	89243972
89246507	89247231
89453195	89453442
89453876	89453961
89454787	89454877
89459518	89459656
89468513	89468665
89468930	89469116
89470062	89470108
89471031	89471146
89472117	89472147
89472545	89472667
89473365	89473556
89473717	89473798
89474659	89474923
89476100	89476358
89478042	89478184
89478982	89479209
89479837	89479971
89480878	89480990
89481770	89481875
89482648	89482774
89483658	89483821
89485242	89485346
89486383	89486607
89487695	89488365
89489175	89489316
89490301	89490399
89493181	89493315
89494822	89495013
89495608	89495625
89495873	89496015
89496097	89496130
89496205	89496399
89907303	89907691
89908356	89908540
89908854	89908921
89909224	89909357
89909513	89909708
89910534	89910691
89911097	89911180
89911814	89911912
89912229	89912345
89912496	89912618
89913357	89913530
89914127	89915088
89990647	89990735
89995027	89995258
89999354	89999423
90001853	90001922
90002752	90002860
90007947	90008116
90096044	90096093
90132687	90132769
90263778	90264447
90267707	90267803
90268130	90268241
90269097	90269187
90270390	90270560
90271644	90271761
90273502	90273682
90274914	90275037
90277798	90277975
90278681	90278855
90279678	90280271
90281618	90281704
90282599	90282681
90282782	90282819
90284600	90284693
90285081	90285182
90285925	90286042
90287703	90287763
90288456	90288583
90290030	90290142
90290754	90290902
90291092	90291255
90292420	90292512
90293634	90293786
90298602	90298754
90305186	90305254
90305337	90305469
90307815	90310067
90458977	90459558
90460551	90465401
91247669	91247747
91266185	91266372
91269522	91269602
91276123	91276294
91278535	91278662
91279167	91279438
91287435	91287444
91390809	91390904
91401869	91401914
91405429	91405810
91408292	91408821
91410327	91410464
91411660	91411756
91412873	91413018
91414863	91415001
91416775	91418186
91566604	91566738
91571782	91572007
91574893	91575030
91576037	91576220
91576877	91577000
91584740	91584880
91585671	91585747
91586425	91586656
91589612	91589731
91593310	91593417
91593872	91593996
91594193	91594275
91596943	91597054
91597268	91597329
91598841	91598996
91600939	91601059
91602702	91602827
91604795	91604867
91605262	91605312
91605598	91605747
91607215	91607367
91609428	91609591
91610063	91610329
91610731	91610822
91612593	91618786
92437681	92437774
92439605	92439681
92445133	92445366
92448198	92448364
92448572	92448600
92451006	92451073
92452075	92452160
92453217	92453363
92454625	92454683
92457854	92458107
92459525	92459601
92460419	92460919
92786833	92786855
92793052	92795857
92801895	92802101
92816079	92816177
92820326	92820442
92821084	92821191
92821446	92821533
92822001	92822144
92823780	92823986
92824700	92824873
92829708	92829724
92831562	92831651
92836096	92836294
92837116	92837123
92846121	92846510
92859079	92859195
92859863	92860006
92861636	92861899
92862014	92862178
92862621	92862794
92863611	92863901
92864125	92864808
92866039	92866374
92868640	92868912
92869823	92870094
92882062	92882329
92884208	92884474
92886359	92886551
92888143	92888264
92890884	92891033
92891120	92891239
92891761	92891925
92892114	92892260
92892877	92893016
92894166	92894295
92895335	92895480
92895747	92895876
92896680	92896819
92897571	92897700
92899084	92899223
92899483	92899615
92899717	92899743
92900054	92900196
92902327	92902456
92903298	92903437
92904499	92904628
92905282	92905424
92906312	92906441
92907346	92907488
92908884	92909013
92909210	92909329
92909937	92910083
92910824	92910940
92911351	92911497
92911585	92911659
92912211	92912350
92914315	92914438
92914633	92914776
92916619	92916783
92919535	92919573
92919668	92919806
92921895	92922037
92922403	92922512
92927408	92927557
92927946	92928020
93498030	93498063
93500801	93500997
93502393	93502626
93503109	93503196
93505847	93505933
93507228	93507346
93508243	93508401
93510627	93510759
93512460	93512607
93517144	93517234
93518802	93520484
93541203	93541396
93542224	93542403
93542531	93542827
93543083	93543233
93543422	93543678
93543881	93544115
93544410	93544816
93562351	93562449
93563191	93563413
93564246	93564491
93565732	93565834
93566488	93566809
93588267	93588296
94360690	94360961
94364755	94364897
94369848	94370002
94374209	94374327
94376142	94376252
94378895	94380256
94471079	94471165
94471707	94471785
94474820	94474964
94474989	94475055
94475198	94475343
94477323	94478070
94478254	94478272
94484344	94484375
94890684	94890840
94890865	94891208
94891572	94891592
94893217	94893300
94905451	94905528
94907304	94907378
94907943	94907978
94908095	94908150
94910043	94910096
94910699	94910734
94916252	94916284
94917861	94917914
94920403	94920456
94921661	94921714
94925317	94925362
94926042	94926095
94926278	94926331
94926438	94926491
94927853	94927897
94928714	94928767
94928862	94928915
94937518	94937571
94938322	94938393
94942304	94942339
94943330	94943362
94945999	94946145
94947342	94947396
94948349	94948537
94950579	94950656
94951839	94952397
95161327	95161360
95173524	95173621
95174594	95174658
95179116	95179204
95183133	95183206
95199403	95199528
95201938	95202090
95206583	95206647
95207401	95207503
95208651	95208755
95209196	95209345
95214368	95214443
95218474	95218505
95230115	95230203
95239428	95239463
95249310	95249319
97791220	97791349
97805064	97805119
97809377	97809415
97820830	97820889
97821958	97822954
97833176	97833354
97834970	97836169
98988779	98989185
98992582	98992838
99001086	99001184
99003528	99003866
99009411	99009509
99010017	99010115
99013354	99013452
99014367	99014465
99016040	99016138
99016375	99016452
99017257	99017361
99017610	99017747
99017967	99018143
99020117	99020269
99020827	99020940
99022506	99022848
99023922	99025111
99025136	99027353
99027375	99028219
99125019	99125067
99126202	99126282
99128008	99128108
99129279	99129353
99130520	99130635
99132435	99134941
99135748	99138676
99140233	99140332
99141647	99142532
99142554	99144335
99151357	99152032
99152888	99153043
101291928	101291973
101298515	101298531
101331318	101331360
101355604	101355678
101375731	101375919
101391462	101391515
101410089	101410106
101415279	101415368
101432801	101432817
101444622	101444876
101449594	101449629
101449672	101450264
101453595	101453704
101455908	101455984
101457265	101462076
101462216	101462616
101598823	101598898
101617820	101617902
101619512	101619576
101649593	101649706
101653480	101653538
101666138	101666252
101666669	101666729
101674358	101683418
101757059	101757141
101757408	101757553
101758413	101758441
101759192	101759289
101760122	101760236
101760480	101760610
101761226	101761239
101764554	101764700
101765800	101765975
101766654	101766833
101767150	101767270
101769570	101769692
101771383	101771503
101772406	101772569
101773655	101773785
101773927	101774007
101774724	101774809
101775225	101775405
101776101	101777945
101777966	101778111
101794087	101794273
101796510	101796684
101798938	101799107
101801220	101801406
101802588	101804667
101926807	101926813
101940186	101940223
101947690	101947889
101954439	101954619
101961197	101961206
101967591	101967673
101973855	101973962
101984353	101984451
101989451	101989458
101998226	101998311
102006104	102006252
102007133	102007348
102021248	102021312
102022965	102022995
102028578	102029330
102034753	102034884
102037714	102037881
102039346	102039414
102040217	102040243
102041157	102041349
102043418	102043512
102045321	102046675
103185870	103185941
103186159	103186318
103187678	103187711
103202559	103202567
104972067	104972134
104986602	104986635
104996311	104996333
105006742	105006958
105007002	105007406
105007532	105007557
105018425	105018529
105024465	105024558
105024991	105025140
105039853	105039897
105110665	105110723
105130316	105130391
105133254	105133310
105155477	105155592
105170746	105170849
105173571	105173634
105192145	105192196
105200076	105200168
105203818	105203870
105208612	105208644
105213520	105213688
105221592	105221876
105248501	105248533
105278534	105278601
105293672	105293767
105312088	105312302
105316126	105316219
105317200	105317230
105337439	105337585
105350449	105350460
105352215	105352262
105359179	105359214
105363973	105364082
105376123	105376206
105386968	105387062
105398968	105399104
105443114	105443331
105457196	105457445
105457524	105457667
106265681	106267068
106273637	106273756
106276743	106276995
106284757	106285865
106286168	106286296
106286917	106287285
106458647	106458823
106459605	106461088
106467057	106468506
106468585	106468761
106471195	106471242
106471355	106471473
106472816	106472969
106473921	106474060
106477035	106477161
106477495	106477530
106477941	106478083
106478329	106478455
106478547	106478692
106484728	106484854
106485032	106485064
106486137	106486246
106486476	106486605
106490389	106490528
106492829	106492952
106494113	106494271
106497122	106497284
106499796	106501041
106526012	106526521
106527238	106527478
106528625	106528723
106529741	106529837
106531533	106531709
106533972	106534147
106534246	106534358
106535879	106536071
106536446	106536563
106539663	106539868
106540337	106540507
106543516	106543526
106645107	106645275
106645743	106646175
106646986	106647058
106648053	106648565
106654623	106655158
106657837	106658125
106667998	106668342
106674360	106674780
106674948	106675075
106677112	106677262
106677842	106677935
106678564	106678632
106679098	106679245
106680678	106680791
106681067	106681158
106681577	106681750
106682715	106682863
106683206	106684588
106708256	106708525
106710324	106710575
106710709	106710904
106717365	106717500
106718278	106718437
106720005	106720154
106720992	106721085
106722553	106722651
106724527	106724617
106725645	106725778
106726611	106726706
106728543	106728631
106731302	106731389
106732199	106732429
106732604	106732633
106732737	106732880
106743283	106743395
106743498	106743804
106744670	106744744
106744932	106745042
106788748	106788819
106798394	106798509
106805949	106806075
106814543	106814716
106817370	106817490
106824399	106824533
106825008	106825014
106825584	106825605
106827463	106827588
106831150	106831248
106831936	106832035
106833422	106833529
106834895	106835764
106838850	106839026
106840351	106840721
106914125	106914158
106927436	106927617
106929843	106930010
106976652	106976685
106987577	106987599
107008713	107008786
107019586	107019788
107209408	107209442
107215134	107215198
107219815	107219937
107220353	107220475
107232937	107233031
107240252	107240312
107249157	107249261
107259226	107259236
107266685	107266741
107267549	107267688
107277890	107277933
107283525	107283611
107313535	107313678
107325811	107325820
107343230	107343250
107343896	107344040
107348989	107349073
107350368	107350534
107354230	107354307
107357561	107357688
107360527	107360582
107380288	107380395
107392272	107392352
107393513	107393603
107395254	107395390
107404305	107404400
107420839	107420914
107423547	107423659
107424359	107424466
107424939	107425127
107427578	107427688
107436757	107436786
107446993	107447039
107450211	107450294
107458964	107459021
107716019	107716397
107721190	107721483
107722086	107722417
107723235	107723706
107723749	107723825
107742084	107742239
107742522	107742579
107742712	107742826
107742982	107743050
107743620	107743749
107743959	107744078
107744364	107744441
107745034	107745147
107763404	107763447
107764939	107764974
107783588	107783717
107849801	107849851
108280556	108280775
108283306	108283424
108286057	108286198
108288253	108288550
108942954	108944406
108945100	108945658
109007259	109007536
109009177	109009464
109011138	109011221
109012345	109012537
109012769	109012989
109013689	109013829
109014988	109015201
109015537	109015684
109016473	109016674
109019009	109019527
109057840	109058126
109058170	109058570
109060216	109060352
109072765	109073055
109077664	109077848
109093514	109093691
109095078	109095186
109095664	109095922
109165168	109165257
109166864	109166988
109168186	109168469
109207684	109207866
109209662	109209747
109210120	109210234
109210823	109210941
109211547	109211632
109213807	109213923
109214861	109214989
109215180	109215271
109928768	109928800
109937996	109938164
109940057	109944880
109946695	109947530
110340256	110340263
110342287	110342338
110345337	110345346
110352401	110352494
110362069	110362087
110373717	110373758
110391751	110391811
110393452	110393544
110394144	110394324
110394720	110394807
110396130	110396264
110398031	110398143
110398590	110398701
110403018	110403230
110408187	110408297
110411343	110411477
110413496	110413626
110414669	110414755
110415400	110415590
110416195	110416405
110418217	110418379
110419401	110419547
110419985	110420134
110420746	110420874
110422159	110422329
110423328	110423485
110424453	110424552
110426308	110426442
110429086	110429115
110429625	110429724
110430040	110430166
110431469	110431524
110432495	110432619
110433711	110434031
110435343	110435435
110436856	110437008
110438294	110438371
110438868	110438921
110446614	110446731
110447494	110447627
110456638	110456700
110458160	110459132
110461611	110461843
110462084	110462280
110462339	110462606
110462769	110462945
110463877	110464043
110464104	110464342
110464577	110464677
110464828	110464962
110465119	110465274
110465469	110465726
110599712	110599776
110603994	110604054
110606217	110606279
110609877	110610016
110611639	110611725
110615851	110615971
110617662	110617796
110620388	110620499
110626909	110627035
110629206	110629266
110636039	110636210
110640894	110641018
110643878	110644144
110645219	110645362
110645715	110645914
110646022	110646331
110871032	110871184
110871467	110871575
110873796	110873870
110876421	110876506
110878174	110878223
110880179	110880359
110881106	110881288
110882959	110883024
110973094	110973360
110973805	110974017
111067448	111067477
111068298	111068385
111068505	111068635
111069184	111069219
111070595	111070786
111076660	111076699
111076734	111076893
111078221	111078431
111081160	111081280
111082432	111082655
111084235	111084343
111084787	111084970
111090252	111090393
111092837	111093169
111097481	111097619
111100275	111100399
111100905	111101039
111102669	111102830
111104086	111104205
111105548	111105709
111107279	111107486
111110034	111110209
111111479	111111520
111111970	111112116
111116446	111116733
111117561	111117653
111117769	111117906
111121170	111121297
111122845	111123015
111123587	111123747
111125361	111125509
111132665	111132922
111133055	111133155
111133455	111133695
